Date,A,B,C,D,E,F,G,H,I,J,K,L,M,N
20121111,9.3,10,7.9,972.78,84.46,2.8,11.4,6.4,3.8,7.2,0,6,0,0
20121112,4.9,7.2,4.4,986.3,82.75,3.1,8.1,0.2,-3,6.1,0,0,0.967,0
20121113,3,6.1,0.7,993.07,80.96,2.7,8.9,-0.7,-4.8,5.4,0,0,7.983,0
20121114,-1.5,5.3,4.6,991.17,96.21,1.8,2.1,-3.5,-6.6,3.7,0,6,3.517,0
20121115,-1.7,5.3,8,985.36,98.25,1.5,0.2,-3.5,-2.9,3.7,0,6,0,0
20121116,-0.3,5.6,7.6,981,94.5,1.3,1.5,-1.8,-4.5,3.9,0,0,0,0
20121117,-0.1,5.4,1.4,974.84,89.46,2.2,5.3,-5.2,-7.7,4.6,0,0,7.55,0
20121118,4.4,7.6,7.8,974.9,90.5,1.9,5.9,1.7,1.1,4.3,0.9,6,0.033,0
20121119,5.4,8.6,6.8,980.41,95.13,1.6,7.4,2.3,-0.4,5.1,0,6,0.067,0
20121120,1.7,6.8,7.6,981.59,98.42,1.7,3.7,-1,-0.7,4.6,0,6,0,0
20121121,4.2,7.1,3.5,979.09,86.63,3.2,9.1,0.9,-2.3,11.8,0,0,7,0
20121122,5.5,7.3,3.8,984.2,80.83,4,9.7,1,-1.6,10.6,0,0,7.383,0
20121123,4.1,7.1,4.8,981.46,86.29,4.1,7.1,-0.4,-2.9,7.4,0,6,2.45,0
20121124,6.8,8.5,7.7,980.12,86.08,2.6,9.1,5.3,2.9,6.6,0,6,0.2,0
20121125,9.1,7.7,4.9,974.3,66.96,7.2,13.1,3.3,1.4,17.4,0,0,0.767,0
20121126,7.2,8.4,6.5,971.07,81.13,4.2,10.6,2.9,-0.1,8.8,1.1,6,0,0
20121127,7.2,8.5,7.8,967.85,83.88,2.4,8.3,5.6,4.3,7.4,5.1,6,0,0
20121128,4.8,8.3,8,965.2,96.54,3.1,5.6,3.5,3.5,9,17.6,6,0,0
20121129,1.5,6.5,8,960.48,95,6.1,3.7,0.2,0,12.5,10.3,8,0,0
20121130,0,5.3,6.1,968.95,85.83,3.9,1,-4.6,-7.8,10.5,0,7,0,0
20121201,-1.7,4.6,5.5,973.86,84.33,4.8,1.4,-4.8,-7.8,8.8,0,0,0.483,0
20121202,-0.7,5.1,7.3,970.45,87.46,5.4,0.4,-2.2,-3,9.9,0.8,7,0.233,0
20121203,-0.5,5,6.5,972.12,84.58,5.2,1.1,-4,-10.2,13,0.1,7,4.133,1
20121204,1.8,5.9,7.2,959.68,84.63,6.5,3.4,0.7,-1.1,14.2,1.2,8,0.567,2
20121205,-1.1,5,5.7,962.78,89.21,3.3,1,-3.9,-8.5,6.7,1,7,0.117,1
20121206,-3.1,3.9,5.4,971.35,80.79,5.6,-0.7,-6.6,-10.6,16.2,0,7,1.2,2
20121207,-4.3,3.4,4.2,970.68,77.17,3.6,-1,-7,-11.2,8.6,0,0,3.967,2
20121208,-7.7,2.9,4.2,980.22,82.88,2.9,-4.4,-12.6,-16.5,6,0,0,4.733,1
20121209,-2.7,4.1,7.2,974.25,79.75,7.7,2,-7.1,-9.1,15.9,0.2,8,0,1
20121210,0.3,5.6,7.7,966.91,90.54,8,1.9,-1.8,-2,14.6,2.3,8,0,2
20121211,-4.3,3.9,6.3,980.93,87.54,4.7,-1.7,-7.7,-10.7,9.5,0.3,7,3.75,8
20121212,-3.9,4.1,7.8,980.73,89,4.8,-2.7,-7.2,-9.5,9.2,0.1,7,0,9
20121213,-3.8,3.6,6.3,974.59,79.13,4.2,-1.8,-6.8,-12.4,9.2,0,7,0.383,13
20121214,1.2,5.3,7.3,966.72,79.92,5.5,4.3,-2.3,-2.9,13.6,0.6,6,2.3,10
20121215,4.9,7.5,6.4,964.09,86.63,6.6,7.1,2.9,0.6,13.2,0.4,6,0.35,3
20121216,4.9,7.4,6.5,967.76,85.29,5.7,7.5,2.9,0.5,10.6,0,6,3.433,0
20121217,4.3,7.2,6.8,967.98,87.08,4,6.8,2.5,0.4,8,2.3,6,1.2,0
20121218,3.8,7.4,7.8,974.11,92.29,3.2,4.9,2.2,1,6.4,0.5,6,0.067,0
20121219,2.3,6.9,7,984.01,95.04,1.9,3.9,-0.8,-3.9,4.4,1.8,6,0,0
20121220,0.1,5.7,6.6,980.13,92.96,2.8,2,-1.4,-2.9,8,0.5,7,0.85,0
20121221,-1.5,5.3,7.9,974.46,96.29,2.6,-0.8,-2.2,-2,6.2,4.1,8,0,1
20121222,1.5,6.3,7.9,977.08,92.79,2.6,4.2,-2.2,-2,6.3,6.6,6,0,4
20121223,7.6,9.6,8,968.53,89.92,6.2,11.6,3.1,2.6,15.7,8.6,6,0,0
20121224,8.6,9.4,7.8,969.45,85.17,4.8,10.9,6.7,6.5,11.4,0.8,6,0,0
20121225,9,8,6.6,964.45,70.08,8.3,12.3,6.5,3.7,18.6,1.1,6,0.417,0
20121226,6.1,7.6,5.7,969.66,80.21,8.4,7.7,4.1,2.2,15.3,0.6,6,0.383,0
20121227,6.3,7.7,6.8,966.6,81.21,7.4,8,4.2,3.7,17.6,6.3,6,2.1,0
20121228,2.5,6.2,6.5,984.8,83.75,4.5,5.4,-0.4,-0.6,10.8,0,0,4.417,0
20121229,6.3,7.5,7.1,979.78,78.71,6.4,9,3.5,1.6,13.9,0,0,2.083,0
20121230,6.4,6.8,4.8,976.51,70.67,8.4,7.9,3.8,2.2,18.1,0.2,6,4.517,0
20121231,6.5,7,5.8,976.35,72.5,8.9,7.7,5.5,2.6,17.6,0,0,0.433,0
20130101,5.2,6.7,7,968.37,75.67,7.8,6.7,1.8,-0.4,14.3,0.7,6,0.067,0
20130102,3.2,6.2,5.9,982.3,80.88,6,5,1.1,-0.9,12.8,0,6,1.883,0
20130103,6.1,8,7.3,988.92,84.92,8.5,8.2,3,2.2,16.6,0.6,6,0.55,0
20130104,8.4,9.8,7.7,991.26,88.25,7.3,9.4,7,6.1,14.5,0,6,0,0
20130105,7.2,9,8,989.94,88.5,6.4,8,5.6,5.5,13,1.9,6,0,0
20130106,5.9,8.5,7.9,987.59,91.63,5.5,7.1,5.1,4.7,13.7,0.2,6,0.083,0
20130107,5.6,7.8,7.9,988.33,85.38,3.1,6.6,4.4,2.2,9.5,0,6,0.35,0
20130108,4.7,7.8,8,985.09,91.63,4.2,5.4,4.2,3.5,8.5,4.6,6,0,0
20130109,4.5,7.8,8,979.99,91.79,5.5,6,2.9,2.5,10.7,2.2,6,0,0
20130110,2.4,6.5,7.6,971.7,88.58,6.4,3.7,-1.7,-2.1,14.5,3.3,8,0.567,0
20130111,-2.3,4.1,6.8,975.57,79.83,3.7,-1.1,-3.5,-6.4,7.6,0.2,7,1.55,1
20130112,-3.6,3.7,3.5,979.08,79.96,1.7,-0.8,-6.9,-12.9,5.9,0,7,6,1
20130113,-5,3.7,7.6,978.7,88.46,1.9,-2.9,-8.5,-12.4,6.6,0.1,7,0.15,1
20130114,-5.5,3.7,7.2,974.35,91.54,1.7,-4.4,-8.5,-15.4,4.6,0.5,7,0,1
20130115,-8.5,2.9,4.9,969.48,88.83,2.1,-6.1,-11,-17.2,3.8,0,7,3.817,3
20130116,-5,4,7.9,969.79,94.83,2.7,-3.9,-6.6,-7.5,5.8,3.9,7,0,3
20130117,-4.1,4.3,8,974.9,94.25,3.2,-2.2,-5.6,-5.6,8.5,3,7,0,8
20130118,-5.3,3.7,8,972.2,88.67,3.6,-3.9,-7.4,-7.5,8.7,0,7,0,15
20130119,-7.8,3,7.8,963.04,89.13,3.6,-7.4,-8.3,-8.2,7.7,0,7,0,14
20130120,-7.4,3.2,8,960.52,91.17,3.6,-6.2,-8.6,-8.5,8.3,4.6,7,0,13
20130121,-7,3.3,8,961.83,92.46,2.4,-6.3,-7.6,-7.9,5.7,0.9,7,0,17
20130122,-7.9,3,8,967.17,90.13,2.5,-7.4,-8.5,-8.3,4.6,0,0,0,21
20130123,-7.8,3,8,970.09,87.96,2,-7.1,-8.5,-8.3,3.6,0,7,0,20
20130124,-6.6,3.3,8,974.07,89.33,1.1,-5.3,-7.9,-7.8,3.1,0.2,8,0,15
20130125,-7.8,3,7.4,980.03,88.63,2.3,-6,-10.3,-16.7,6.5,0,8,0.05,16
20130126,-7.3,3,6.4,974.26,83.67,2.9,-3.5,-10,-14.5,9.8,0,7,5.867,16
20130127,-0.4,4.9,7.8,968.62,82.29,6,2.7,-4.2,-5.6,12.8,0.1,8,0,14
20130128,1.9,5.9,6.5,974,83.75,5.1,4.3,0,-3.2,13.1,0,6,4.883,11
20130129,5.4,7.6,7.8,970.97,84,8.9,8,2.4,1.3,16.7,0.2,6,0,8
20130130,9.4,9.5,6.4,968.89,79.29,10.8,12.7,5.8,4.3,21.9,7,6,0.117,0
20130131,5.4,6.4,4.5,972.17,71.38,12.2,7.6,3.7,2.2,21.6,0.2,6,0.417,0
20130201,4.1,6.9,7.1,963.52,83.88,5.9,6,3,1.8,16.4,4.5,6,0,0
20130202,1.4,5.8,6.9,961.48,85,6,3.4,-0.4,-2.1,12.6,0.3,8,0.95,0
20130203,0.9,5.3,7.9,973.44,80.75,7,2.2,-0.1,-0.6,17.5,3.6,8,0,0
20130204,3.4,6.8,7.5,968.55,86.96,7.5,6.4,0.7,0.1,16.6,0.8,6,0,0
20130205,2.5,5.6,5.4,961.61,75.79,8.5,5.7,-0.8,-1.8,21.7,0.6,8,4.15,0
20130206,-0.7,4.9,5.6,960.85,84.17,2.8,1.2,-3.2,-6.4,7.8,0.1,7,0.667,0
20130207,-1.1,4.9,6.5,968.27,86.75,4.1,0.9,-2.8,-5,9.3,0,7,1.5,0
20130208,-3,4.4,7.1,972.74,90.04,2.7,-1.5,-5.8,-10.9,5.6,0.9,7,0,1
20130209,-4,4,7.1,977.85,88.88,2.8,-1.5,-7.8,-12.2,6.2,0.2,7,1.05,4
20130210,-4.1,3.4,4.3,975.43,75.96,3,-0.8,-6.6,-11.8,6.9,0,7,5.483,4
20130211,-4.9,3.3,4.2,968.76,76.75,4,-1.8,-9.1,-11.3,10.7,0,0,6.033,2
20130212,-3,4,7.8,972.77,81.17,4.4,-2.1,-3.9,-4,9.1,0,7,0.083,1
20130213,-3,3.9,6.2,983.72,78.79,1.8,-1.5,-7.7,-12.1,4.5,0,7,0,1
20130214,-4.7,3.6,2.8,982.99,83.63,2.2,1.2,-10,-12.8,6.7,0,7,4.783,1
20130215,-1.8,4.5,6.5,979.17,83.46,2.3,0.2,-5,-8.1,4.6,0.3,8,0.283,0
20130216,1,6.2,7.9,983.75,93.83,2.9,2.9,-0.2,-0.2,5.3,0.4,6,0,0
20130217,0.3,5.8,7.9,985.06,93.42,2,1.2,-0.7,-1.1,4.9,0,0,0,0
20130218,-0.3,5.3,7.8,982.43,89.71,1.2,0.7,-1.3,-2.4,3,0,7,0,0
20130219,-0.6,5.3,8,976.39,90.08,4.5,0.5,-2.6,-3.1,9.8,1,8,0,0
20130220,-2.7,4.2,7.8,982.29,84.04,3.9,-1.6,-4.5,-4.5,8,0.3,7,0.833,3
20130221,-5,3.8,7.8,982.08,89.08,3.3,-3.9,-6,-6.6,8,1.3,7,0.467,4
20130222,-6,3.5,7.9,977.23,90.42,4.8,-5,-6.6,-7.5,10.5,2.7,7,0.05,8
20130223,-5.4,3.9,8,973.04,94.04,4.9,-3.3,-6.2,-6.1,10.2,8.7,7,0,11
20130224,-1.8,5.2,8,973.9,96.88,2.8,-0.6,-3.3,-2.6,5.6,5.1,8,0,21
20130225,-0.4,5.8,8,980.95,98,2.6,-0.1,-0.7,-0.6,5.4,2.1,8,0,25
20130226,-0.4,5.8,8,990.18,98.75,2,-0.1,-1.4,-1.2,3.7,0,8,0,24
20130227,-1.3,5.5,8,991.8,98.58,1.6,-0.7,-2,-1.7,3.1,0,8,0,20
20130228,-0.5,5.8,8,987.85,97.63,1,-0.1,-0.9,-0.7,3.2,0,8,0,16
20130301,-0.2,5.4,8,984.22,89.04,3.1,0.9,-1.3,-1.5,8.6,0,6,0,13
20130302,-0.6,4.8,2.9,984.48,82.79,2.5,3.5,-3.5,-7.5,4.7,0,0,8.75,11
20130303,-0.2,4.9,7,983.32,82.5,3.5,1.6,-4.2,-6.3,7.7,0,7,0.083,10
20130304,1.9,4.7,0.8,982.51,68.13,2.1,6,-2.2,-7.9,4.5,0,0,10.167,7
20130305,1.7,5,0.1,974.05,71.83,2,7,-3.1,-8.6,4.5,0,0,10.233,6
20130306,3.9,5.8,4.9,967.25,71.17,2.3,9.9,-4.1,-6.4,4.7,0,0,10.1,4
20130307,3.5,6.8,8,964.53,86.13,2.2,5.3,1,-1.6,5.8,0.1,6,0,3
20130308,2.3,7.1,8,966.06,98.5,3.3,4,-0.4,-0.2,7.9,0.9,6,0,2
20130309,0.4,6.2,8,964.63,98.71,2.7,2.1,-0.7,-0.5,6.6,2.3,6,0,0
20130310,0.4,6.1,7,961.1,95.71,4,6.2,-5.5,-5.3,9.6,4.4,8,1.8,0
20130311,-5.9,3.5,8,966.54,90.42,3.5,-5.1,-6.5,-6.1,7.1,1.3,7,0,3
20130312,-6.2,3.6,8,964.98,93.54,4.6,-5.6,-6.6,-6.3,9,7.9,7,0,4
20130313,-6.9,3.2,5.6,965.84,87.38,2.2,-3.3,-13.4,-18.7,4.5,0,7,3.583,18
20130314,-6.5,3.3,5.7,970.75,85.29,2.8,-1.1,-14.1,-17.2,6.4,1.4,7,5.7,14
20130315,-6.6,2.7,2.3,976.15,73.38,2.9,-3,-11.5,-16.2,5.7,0,0,9.867,15
20130316,-1.3,3.4,5.8,976.02,61.88,4.7,3.2,-7.8,-10.5,9.9,0,0,7.617,12
20130317,1.9,3.5,7.3,966.12,49.33,4.7,5.2,-0.9,-3,10.4,0.5,8,0.967,9
20130318,1,5.7,8,957.57,87.21,4.2,3.3,-2.1,-2,10,8.9,8,0,6
20130319,-0.3,5.4,7.8,959.49,91,2.4,2,-2.4,-2.5,7.9,0.6,7,0.75,10
20130320,-0.8,5.4,8,965.91,93.71,2.6,0,-1.6,-1.5,6.6,3.5,8,0,7
20130321,-1.3,4.9,7.8,977.31,87.75,3.2,0.7,-2.5,-2.7,8.6,0.1,7,0.217,8
20130322,-3.4,4.2,7.7,981.09,87.67,3.3,-2.2,-4.4,-8.8,10.3,0,7,0.65,8
20130323,-6,2.9,6.8,981.28,72.88,6.4,-4.4,-9.1,-10.6,13.6,0,7,4.4,7
20130324,-6.7,2.2,5.5,980.09,59.67,6.4,-2.6,-10.7,-11,15.6,0,0,8.267,5
20130325,-5.2,2.8,6.5,976.89,67.54,6.6,-1.7,-8.3,-9.1,16.3,0,0,8.833,4
20130326,-4.4,2.9,6.9,974.61,65.75,5.8,-1.1,-7.8,-8.9,14.5,0,0,9.767,4
20130327,-3.7,3.3,7.8,973.6,71.79,4.3,-0.8,-6.8,-8.4,11.8,0.1,7,2.05,3
20130328,-1.4,4.4,7.6,970.63,80.5,2.7,1.3,-3.8,-4.4,7.3,1.1,7,0.017,4
20130329,-1,4.6,5.5,967.59,80.54,4,1.6,-2.3,-5.3,11,0,7,5.85,4
20130330,-1.3,4.5,7.5,968.37,81.04,1.9,1.4,-3.4,-6,6.5,0,7,0,3
20130331,-2.3,4.5,7.3,971.56,87.83,2.6,-0.1,-4.1,-6.2,7.7,0.5,7,0.1,2
20130401,-1.2,3.9,5.7,972.28,72.08,3,2.4,-5.3,-9.6,8.8,0,7,8.883,4
20130402,-1.3,4.3,6.8,974.27,77,4,0.6,-3.4,-7,11.6,0,7,0.367,0
20130403,-1.4,4.5,7.9,977.45,80.58,4.4,-0.2,-2.4,-3.2,10.8,0,7,0,0
20130404,-0.7,4.8,8,974.38,82.04,3.2,0.7,-2.2,-2.1,7,0,8,0,0
20130405,-0.3,5.4,8,971.71,90.25,3.3,0.9,-1.1,-1.2,7,0.3,8,0,0
20130406,-0.3,5.6,7.8,978.97,94.29,2.3,0.6,-2.9,-7.6,6,0.8,8,0,0
20130407,0.4,4.6,4.3,981.3,75.29,2.6,6.1,-4.2,-7.5,6.7,0,0,5.8,0
20130408,2.5,4.4,5.8,970.79,61.5,3,7.2,-2.8,-6.4,9.3,0,6,6.583,0
20130409,5.3,6.3,7.3,965.17,71.54,2.9,10.2,1.4,-2,8.1,0.2,6,1.7,0
20130410,6.4,8.2,6.5,967.34,84.75,5.2,11.1,0.5,-2.4,14.1,1.9,6,1.233,0
20130411,10.4,10.1,7,964.28,79.63,6.2,16.7,4.8,3.4,15,5.7,6,3.067,0
20130412,9.7,9.7,6.7,965.3,81.79,5.8,14,7.3,6,12.9,5.3,6,3.417,0
20130413,9.2,8.3,5.1,978,72.17,6.7,13.5,5.7,1.4,15.8,0.2,6,4.55,0
20130414,12.3,9.5,6,986.12,66.92,4.4,17.9,5.8,2.4,9.5,0,6,3.767,0
20130415,17.6,10.2,3.7,982.08,53.42,4.5,24.4,10.8,8.1,9.9,0,0,12.067,0
20130416,15.4,11.8,6.8,981.4,68.58,3.1,20.2,10,8.1,9,0,6,4.817,0
20130417,16,11,6.8,983.33,61.13,3.6,20.6,11.7,7.4,8.5,0,0,5.25,0
20130418,17.4,10.9,6.1,977.64,54.5,6.6,23.9,10.2,7.2,13.7,0,0,6.367,0
20130419,10.8,6.7,7.5,983.74,52.71,4.3,13.5,6.8,5.7,10.5,0,0,3.617,0
20130420,6.7,6.3,7.2,989.02,65.21,4.6,10.1,3.6,3,11.2,0,0,7.767,0
20130421,9.8,8.2,5.8,980.77,67.29,3,15.2,3.9,2.3,8.7,0,0,7.733,0
20130422,10.4,8.9,6.3,977.89,71.25,2.9,13.2,7.5,5.2,6.8,0,0,1.283,0
20130423,12.2,8.5,6.1,981.82,61.75,5.4,17.4,6.6,2.1,13.5,0,0,4.733,0
20130424,14.1,9.8,4,986.82,63.96,3.2,20.8,7.8,3.9,9.3,0,0,11.833,0
20130425,16.2,11,3.3,984.65,60.71,2.7,23,8.9,6,5.9,0,0,5.383,0
20130426,15,11.3,4.6,971.68,69.08,4.9,23.5,6.9,6.1,13.4,6.8,6,5.833,0
20130427,5.2,8.6,8,970.02,97.25,4.7,6.9,4.3,4.3,9.8,13.1,6,0,0
20130428,6.2,7.7,7.5,977.16,81.46,2.9,8.4,2.6,2.5,9.5,0,6,1.117,0
20130429,9.8,8.2,6.8,978.82,69.63,4,14.5,6.8,2.5,11.4,0,0,3.833,0
20130430,7.8,8.3,7.7,983.86,79.08,2.6,10.2,5.3,1.3,7.4,2.5,6,0.033,0
20130501,9.2,10,7.8,984.38,85.79,3.1,12,6.3,5.9,9.2,0,6,0.017,0
20130502,9.8,11.2,8,981.51,92.13,2.3,10.9,8.8,8.7,5.7,0,6,0,0
20130503,11.6,10.2,6.8,979.12,74.92,2.8,15,8.7,4.4,7.9,0,0,4.65,0
20130504,10.5,10.6,6.4,979.79,83.42,2.3,12.7,7.3,4.1,5.2,1.8,6,0,0
20130505,13.3,10.5,1.8,984.7,72.29,2.3,19.6,5.9,2.4,5.7,0,0,10.033,0
20130506,14.9,11.9,3.4,981.88,70.5,3,20.4,6.1,3,10.8,0.1,6,9.8,0
20130507,13.7,15.2,8,977.49,96.63,2.3,15.4,12.4,12.4,6.3,1.8,6,0,0
20130508,16.3,12.7,3.9,975.53,71.96,3.4,22.3,8.7,6.5,10.2,0.1,6,12.3,0
20130509,15.8,14.1,6.8,975.38,78.67,3.2,20.1,13,11.3,12.5,0.8,6,1.967,0
20130510,13.9,11,6.9,976.07,70.46,4.2,17.2,11.4,10.2,10.5,0,0,5.967,0
20130511,11.5,10.4,6.8,977.02,77,2.7,14.8,7.3,5.4,11.7,1.4,6,1.05,0
20130512,8.3,8.9,5.5,976.05,80.83,5.2,12.5,3.1,1,14,0.4,6,2.683,0
20130513,8.8,9.6,6.6,976.75,84.5,5.7,12.9,3.3,1.1,11.4,3.2,6,1.05,0
20130514,11.9,10.7,5.5,972.44,76.92,4.1,15.2,9,5.5,10.3,0,6,4.533,0
20130515,16.3,11.7,4,965.06,65.04,3.8,24.7,9.5,5.6,11,3.9,8,10.783,0
20130516,16.1,14.3,6,961.16,78.83,2.7,20.6,10.5,9,7.9,0,0,5.383,0
20130517,15.4,14.9,5.8,961.31,86.38,3.6,21,9.9,7.7,17.2,45.7,8,3.117,0
20130518,11.6,12,5.3,970.04,87.88,4.6,15.9,8.5,6.9,11.3,7.7,6,4.833,0
20130519,12.4,13.2,7.5,970.19,91.54,2.9,18.6,8.9,8.7,9.1,18.6,6,1.817,0
20130520,11.7,10.7,6,971.54,78.04,6.2,15.1,8.2,6,14.8,0,0,5.683,0
20130521,11.1,10.1,5.9,972.22,77,3.8,14.5,6.8,4.9,7.9,4.3,6,1.517,0
20130522,8.2,9.5,7.6,970.02,87.08,5.4,10.4,5.8,5,13.3,6.2,6,0.017,0
20130523,6.5,7.6,5.8,969.83,79.58,2.8,10.8,1.1,-2.2,8.7,8,6,2.883,0
20130524,6.4,7.9,7.1,972.82,82.54,2.3,9.4,3.4,2.6,9.3,0.7,6,2.283,0
20130525,7.9,8.5,7.2,972.9,81.17,4,12.5,3.8,2.3,10.8,9.9,6,2.433,0
20130526,7.3,9.9,8,967.21,96.13,8.4,9.4,5.3,5,14.2,28.1,6,0,0
20130527,8.4,10.3,7.7,969.91,94,4.4,9.7,7.1,6.3,10.5,2.9,6,0,0
20130528,12.6,10.2,3.8,966.89,73.42,1.4,18,6.3,5.2,4.6,0,6,10.717,0
20130529,10.6,11.3,7,963.07,88,3.2,14.1,7.2,5.8,10.1,1.4,6,0.117,0
20130530,9.7,10.8,7.4,967.91,89.08,4.8,11.9,6.2,4.8,15,29.3,6,0.033,0
20130531,12.8,14.3,8,964.22,96.5,5.7,15.9,11.6,11.6,15.9,18,6,0.117,0
20130601,11.9,13.6,8,971.88,96.67,6.1,13.5,9.6,9.6,15.3,0.3,6,0,0
20130602,8.8,9.3,7.8,980.14,82.42,7.3,11.3,6.6,6,15.4,2.2,6,0,0
20130603,10.6,9.7,6.6,984.8,76.33,4.7,16.1,6.4,5.4,10.3,0,0,4.117,0
20130604,12.5,11.9,4,982.78,82.08,3,17.7,6.1,4.4,7.2,0.4,6,11.067,0
20130605,14.2,9.4,2.8,982.38,59.75,2.7,17.9,9.6,5.6,8.2,0,0,14.017,0
20130606,15.2,12,1,983.25,69.42,2.2,20.4,6.2,3.1,7.7,0,0,14.933,0
20130607,17.4,14.8,2.7,982.74,75.08,1.9,22.5,10,7.6,6.4,0,0,11.65,0
20130608,18.2,14.9,4.3,978.78,72.17,2,23.1,12,8.9,8,0,0,7.817,0
20130609,14.9,15.2,6.5,972.83,89.71,2.2,19.4,12.6,12.1,8.1,16.3,6,2.8,0
20130610,13.4,13.5,6.8,973.09,87.71,2.7,17.5,9.6,6.3,8.1,0.7,6,2.217,0
20130611,14.9,12.4,3.5,978.64,74.46,2.6,19.8,7.6,5.5,5.5,0,6,10.8,0
20130612,17.7,13.2,5.1,981.21,67.54,3.4,22.9,10.6,7.7,8.6,0,0,9,0
20130613,19.9,16.3,6,977.81,70.92,5.5,25.3,13.1,12.6,18.4,6.7,6,8.25,0
20130614,14.1,11.4,5.1,981.56,72.04,3.7,17.9,9.9,6.7,10.8,0,0,6.783,0
20130615,15.9,12.4,4.7,976.84,69.46,5.1,21.2,8.3,5.7,13.5,0,0,5.8,0
20130616,15.9,11.7,6.1,978.85,65.67,2.9,20.6,10.1,7.7,7.5,0,0,8.267,0
20130617,19,15.1,4.7,978.52,69.29,2.7,24,12.5,8.5,8.3,0,0,12.467,0
20130618,23.1,20.3,1.9,978.53,71.83,2,29,14.8,13,4.5,0,0,14.6,0
20130619,26,23.7,2.3,976.47,72.17,2.6,31.8,19.2,16.6,8.8,0,6,12.617,0
20130620,22.1,21.9,4.6,974.09,82.46,3.3,29.8,17.9,16.9,12.4,10.9,8,7.917,0
20130621,18.2,14.4,4.5,976.03,69.63,6.5,22.2,13.9,11.1,14.4,0,0,8.167,0
20130622,17.5,13.5,3,977.78,68.71,4.8,22.3,11.5,9.3,9.6,0,0,11.133,0
20130623,17.2,12.7,5.2,975.68,65.25,6.1,21,13.5,12.2,14.7,0,0,9,0
20130624,14,12.1,6.3,980.63,76.17,4.1,18.8,10.8,9.1,11.8,0.1,6,3.133,0
20130625,11.4,11.6,7.9,984.66,86.08,4.5,13.8,9.6,9.2,9.8,0.4,6,0,0
20130626,10.4,9.5,7.5,986.92,75.21,5.4,13.3,8.3,7.8,11.4,0.1,6,0.567,0
20130627,11.9,10.8,7.2,984.39,78.04,3.3,15.3,9,6.1,8.1,0.2,6,1.9,0
20130628,13,11,6.4,981.82,74.71,3.7,17.7,7.1,4.5,10.6,0.4,6,6.717,0
20130629,12.7,12.6,7.4,979.4,85.46,4.6,16.3,7.7,4.3,12,1.9,6,0.567,0
20130630,11.9,10.1,5.9,984.08,72.88,4,16.4,6,2.5,10.2,0,6,1.7,0
20130701,18.2,13.3,5.3,979.6,64.79,4.8,23.9,12,10.2,10.6,0,0,12.35,0
20130702,18.3,12.5,4.7,977.4,61.83,2.8,23.6,11.3,9.3,9.5,0,6,14.383,0
20130703,17.9,16,6.9,973.98,78.38,3.8,22.5,15.1,13.2,10.7,0.8,6,2.55,0
20130704,18.3,17,6.7,982.55,81.92,2.8,22.8,15.5,13.9,9.3,0,6,2.967,0
20130705,18.7,16.9,6,989.48,78.92,2.5,22.8,14.6,12.2,6.3,0,0,4.717,0
20130706,18.7,15.6,2.8,991.92,73.33,2.4,23.7,14.3,10.6,10.6,0,0,9.917,0
20130707,18.3,13.4,0.8,992.38,65.63,2.7,23.4,11.5,8.4,8.8,0,0,13.933,0
20130708,19.1,13.9,0.7,991.79,64.21,2.5,24.1,11.5,8.6,7.6,0,0,14.517,0
20130709,20,14.9,0.7,986.67,66,2,25.6,11.7,8.9,7.2,0,0,13.033,0
20130710,17.6,14.2,3,981.1,71.75,3.8,22.9,11.8,10.7,11.2,0,0,13.067,0
20130711,14.4,12.3,5.9,981.83,76.17,3.3,18.3,9.8,8.3,7.6,0,0,3.933,0
20130712,16.1,11.9,2.6,983.16,67.83,2.6,21.2,9.9,8.6,8.6,0,0,11.733,0
20130713,16.8,12.4,2,983.6,67.79,2.1,22.6,9.7,6.6,7.3,0,0,12.317,0
20130714,16.2,13.7,4.3,983.99,75.54,3.6,23,9.8,7.5,8.7,0,0,10.6,0
20130715,16.8,12.2,2.3,984.6,67.13,2.8,22.9,10.3,8.4,8.2,0,0,12.467,0
20130716,18.9,12.6,3.9,985.48,60.5,2.2,24.9,10.1,8,5.5,0,0,13.983,0
20130717,20,13.8,4.5,985.58,61.42,2.2,25.5,12.3,9.5,6.9,0,0,14.017,0
20130718,20.6,15,3.5,985.92,63.38,2.6,25.7,14.4,11.7,7.9,0,0,12.417,0
20130719,20.4,14.5,3,984.17,62.5,2.8,26.6,13.3,11.6,8.5,0,0,13.883,0
20130720,18.4,15,4.2,983.82,72.58,2,23.6,12.6,9.8,5.9,0,0,5.017,0
20130721,21.4,13.3,0.2,983.78,55.13,2.4,27.6,12.9,9.2,7.9,0,0,14.683,0
20130722,23.3,12.9,1.3,980.28,48.38,2,30.1,13.6,10.7,6.9,0,0,14.467,0
20130723,23.3,13.5,3.6,977.13,50.54,2.3,30.9,15.4,12,7.2,0,0,10.583,0
20130724,19.8,17.1,6.4,977.24,77.21,2.3,29.8,15.8,12.9,12.9,9.3,6,4.183,0
20130725,21,18.7,5.8,978.97,77.75,1.8,26.9,15.1,14.8,6.5,0,0,5.467,0
20130726,23.3,18.4,4.2,977.85,67.46,2.3,30.3,16.4,14.2,7.8,0.6,6,10.017,0
20130727,26.1,18.1,2.5,973.37,58.25,2.6,34.4,17.6,15.9,10.2,0.3,6,13.05,0
20130728,25.2,18.7,5.6,974.2,60.46,4.8,30.9,18.6,18.1,20.3,6.2,6,3.8,0
20130729,19.1,18.6,7.3,977.33,84.83,3.7,23.5,15.3,14.5,11.5,0.7,6,1.867,0
20130730,18.4,14.8,4.6,980.16,72,5.5,24.4,13.3,12.2,14.7,5.2,6,6.733,0
20130731,18.7,16.2,5.2,980.43,75.33,5.8,21.8,15,12.5,13.6,0,6,3.567,0
20130801,22.6,15.7,1.3,980.39,60.58,2.4,29.8,14.8,12.8,6,0,0,13.767,0
20130802,26.6,15.1,0.3,977.39,46.42,3.1,33.4,18,13.8,10.4,0,0,14.1,0
20130803,24.8,16.4,3.1,979.77,53.46,3.7,31.4,19.1,16.9,11.1,0,6,6.917,0
20130804,22,18,5.1,983.14,70.04,2.6,27.7,17.6,13.9,9.2,0,6,5.9,0
20130805,22.6,17.8,3,980.59,68.71,2.3,29.7,14.9,12.5,7.1,0,0,9.4,0
20130806,23.2,17.5,4.3,977.16,65.67,3.3,31.5,15.3,14,26,12.7,8,8.183,0
20130807,19.8,19.4,6.5,975.62,84.46,2.2,25.2,15.4,13.8,7,6,6,4.75,0
20130808,18.9,17.1,7.2,978.38,78.46,3.9,22.2,15.7,14.6,9.8,0,6,3.783,0
20130809,16.6,15.2,6.8,982.67,81.04,1.8,19.4,14.3,12.6,5.1,0,6,0.933,0
20130810,18.1,13.2,3.8,981.12,65.63,4.3,24,11.9,9.9,12.4,0,6,8.117,0
20130811,15.3,10.2,3.9,980.98,59.83,4.4,19.6,10.2,7.2,11.8,0,0,8.283,0
20130812,16.6,12,5.4,977.99,65.67,4.5,23.5,10.1,7.7,12.4,5.9,6,7.05,0
20130813,13,12.6,5.5,979.74,84.33,4.8,17.7,9.2,7.7,13.5,0.4,6,2.833,0
20130814,13.4,10.1,1.8,984.68,68.83,3.6,19.1,7.6,4.8,9.3,0,0,10.133,0
20130815,16.1,10.6,4,984.96,60.58,3.2,22.4,8.5,5.8,9.1,0,0,8.717,0
20130816,19.9,10.1,1.8,981.56,46.33,3.1,26.8,11.2,8.9,7.3,0,0,13.35,0
20130817,20.6,12.6,4,977.88,52.54,3.1,26.7,13.4,10.6,7.6,0,0,6.95,0
20130818,19.2,15,6.8,977.08,67.63,4.9,22.8,16.6,14.7,14.1,2.5,6,0.067,0
20130819,17.1,15.4,6.5,978.29,79.29,4.5,21.5,12.2,11.4,12.5,1.3,6,1.05,0
20130820,15.7,12.7,6.5,988.56,72.58,3.6,20,11.6,11,8.7,0,0,4.583,0
20130821,16.4,11.3,5.3,987.92,62.79,2,21.4,9.5,6.1,6,0,0,6.85,0
20130822,17.5,11.2,4.5,983.16,58.25,1.9,23.3,10.5,6.4,6.7,0,6,11.733,0
20130823,15.9,13.2,6.5,981.46,72.83,2.2,20.3,12.3,9.5,7.3,0.1,6,0.767,0
20130824,18.2,13.1,4.4,976.77,65.33,2.6,24.6,11.2,6.9,10.2,0,0,8.167,0
20130825,16.3,13,7.2,974.59,71.58,3,21.3,12.7,11.6,10.5,0.1,6,2.583,0
20130826,16,11.9,7,978.03,66,3.5,20.3,13.3,10.5,10,0,6,0.3,0
20130827,15.6,11,3.6,978.09,63.42,3,21.1,9.9,6.8,8.9,0,0,8.35,0
20130828,14.8,12.2,4.8,980.63,73.54,2.3,20.6,9.6,6.5,7.3,1.3,6,4.833,0
20130829,16.4,11.2,4.4,983.91,65.5,2.1,23.4,7.7,5.4,5.4,0,0,10.283,0
20130830,17.6,11.3,3.8,982.14,60.33,3.1,24.8,9.2,7.3,7.2,0,0,9.45,0
20130831,16.9,13.5,5.8,981.94,71.29,4.4,23.3,12,9.7,11.2,0.3,6,4.217,0
20130901,13.2,9.7,5.8,986.37,65.79,4.4,16.8,8.1,6.4,10.2,0,0,5.233,0
20130902,15,12.3,7.6,984.09,71.88,7.2,18.3,12.2,11.2,14.3,0.1,6,0.067,0
20130903,18.1,15.1,6.7,987.79,72.88,4.6,22.3,14.4,13.2,11.2,0,0,1.5,0
20130904,18.8,15.4,1.7,986.42,72.88,2.1,25.1,11.5,8.7,6.6,0,0,10.317,0
20130905,19.9,14.5,0.5,980.17,66.79,2.3,27.8,13,10.3,7.4,0,0,11.733,0
20130906,22,12.6,0.2,975.53,50.5,3.5,28.6,15.9,12.1,8.4,0,0,12.183,0
20130907,21.9,13.9,3,978.92,54.08,2.4,28,15.8,11.7,7.5,0,0,10.733,0
20130908,17.5,15.9,7.1,979.53,79.58,2.9,21.2,13.3,13.3,7.5,29.6,6,0.15,0
20130909,12.6,12.3,6,978.91,84.75,4.3,16.1,10.7,8.5,10.1,1.2,6,3.7,0
20130910,12,10.7,5.3,974.82,76.46,6.3,14.7,9.3,7.5,15.8,3.1,6,3.283,0
20130911,10.7,11.3,7.3,973.16,88.04,6.4,13.1,9.2,8,15.2,5.6,6,0,0
20130912,10.7,11.9,7.1,976.43,92.38,2.8,14.1,8.9,8,7.7,13.1,6,1.167,0
20130913,12.9,13.3,6.8,980.97,89.96,3.6,16.7,10.6,8.7,8.6,3.6,6,2.317,0
20130914,13.7,13.7,5.5,976.54,87.04,4.3,17.2,9.5,7.4,8.1,0.3,6,1.017,0
20130915,13.3,12.3,6.9,972.5,80.5,2.8,16.6,10.9,8.3,8.7,0,6,2.85,0
20130916,11.9,11.5,7.3,964.59,83.33,5.6,15.8,7.4,4,12.9,2.3,6,1.317,0
20130917,8.9,8.9,4.2,965.76,79.21,5.9,13.1,4.5,2.2,13,2.2,6,7.15,0
20130918,9.8,10.5,7.1,961.09,86.71,4.8,13.4,6.4,3.9,10.1,0.3,6,0.25,0
20130919,10.4,10.1,6.6,972.85,80.46,5.3,13.5,7.7,6.3,11.5,0.5,6,3.367,0
20130920,11.5,12.1,7.6,976.71,89.17,5.6,13.7,9.6,8.6,10.9,0.7,6,0,0
20130921,12,11.7,7.1,987,84.04,3.4,16,8,4.6,8.2,0,0,3.55,0
20130922,12.7,12.2,7.1,988.47,83.5,4.1,16.8,8.2,6.9,8.2,0,6,1.9,0
20130923,14.4,13.7,7.2,985.26,83.42,4.8,16.9,12.5,11.3,8.9,0,6,0.4,0
20130924,14.1,12.6,6.6,979.28,78.92,3.2,17.2,10.6,6.5,8.7,0,0,1.983,0
20130925,12.8,12.8,6.5,974.35,86.96,1.7,17,8.7,6.3,6,0.6,6,0.2,0
20130926,12.1,12.2,7,976.05,85.83,4.5,15.7,6.6,4.1,9.8,0.7,6,2.883,0
20130927,7.5,8.3,2.3,980.51,81.17,2.1,12.5,3.6,-0.8,7.1,0,0,7.933,0
20130928,8.4,7.9,1.1,977.86,73.5,2.4,14.8,2.1,-1.9,7.1,0,0,10.8,0
20130929,8.8,8.1,1.3,976.2,74.08,4,14.6,3.7,1.8,12.4,0,0,10.633,0
20130930,7.9,7.8,2.8,974.7,75,3.8,13,3,1.3,10.5,0,0,9.15,0
20131001,6.3,7.1,2.2,977.81,76.21,2.9,11.7,1.5,-0.8,9.5,0,0,7.217,0
20131002,6.9,6,0.8,984.48,63.5,3.3,12.8,0.7,-4.2,11.9,0,0,10.433,0
20131003,7.2,5.4,1.5,985.67,56.88,3.6,14.4,0,-3.3,10.1,0,0,10.483,0
20131004,8.6,7,6.4,982.35,61.5,3,15.3,2,-2.6,7.8,0,6,2.65,0
20131005,10,10.5,7.4,979.68,85.38,2.1,11.5,8.1,6.6,5.5,7.9,6,0.067,0
20131006,11.6,13.6,8,985.98,99.29,1.9,12.7,9.3,9.3,4.9,1.5,6,0,0
20131007,12.9,13.6,7.5,988.6,91.42,1.4,16.1,11.2,11,3.8,0,0,0.817,0
20131008,12.1,11.9,7.8,986.76,84.29,1.7,13.4,10.9,10.6,4,0,0,0,0
20131009,12.2,11.8,7,979.19,83.38,4.4,15.6,9.2,7.5,10.8,6.2,6,0.55,0
20131010,7.2,9.5,7.4,970.24,92.08,3,10.1,4.3,1.4,8.3,3.2,6,0.267,0
20131011,5.9,9,7.3,976.25,96.79,1.7,7,3.6,-0.1,4.6,11.8,6,0,0
20131012,4.2,8,5.5,979.69,96.21,2.2,7,-0.7,-2.4,8.3,0.1,6,0.083,0
20131013,5.9,7.7,4.3,981.31,82.58,2.9,9.2,3,-0.7,9.2,0,0,4.167,0
20131014,8.8,9.6,6.1,979.33,84.88,3,12.8,4.1,-0.3,9.3,1,6,1.067,0
20131015,9.6,10.4,7,971.32,87.17,4.4,12.6,6.6,5.2,11.6,6.2,6,1.533,0
20131016,7.8,9.7,6.9,974.71,91.38,3.4,9.4,5.6,4,7.6,0.3,6,0.883,0
20131017,10.7,11,6.3,974.16,85.58,6.9,14.3,7.3,5.9,15.7,2.1,6,2.017,0
20131018,9.1,9.7,5.5,980.47,83.58,3.7,11.4,4.9,0.4,9,0,0,0.967,0
20131019,11.1,10.2,4.3,977.2,77.79,4.2,17.1,3.9,-0.4,11.2,0.1,6,7.917,0
20131020,14.5,14.1,7.1,976.64,84.96,5.1,16.7,12.2,10.5,9.6,0,6,0.533,0
20131021,14.4,13.1,6.4,977.93,80.29,4.9,17.2,11.6,8.9,11.6,0,0,1.05,0
20131022,16.7,12.6,3.5,973.92,67.67,4.9,22.3,12,8.5,14.5,0,0,6.483,0
20131023,16.2,13.1,6.3,971.51,71.38,6.9,19,13.6,11.2,16.6,0,6,2.267,0
20131024,12.4,12.8,4.2,979.83,88.88,4,15.3,8,4.8,8.1,0.7,6,2.1,0
20131025,12.6,12.4,7,978.55,85.25,3.1,16.9,8.1,5.3,9,0.9,6,0,0
20131026,16.9,14.6,6.4,975.76,75.63,6.7,19.4,13.9,12.5,14.9,3.8,6,1.733,0
20131027,14.3,12.8,5.4,970.08,78,9.3,17.1,11,9.5,21.1,5.3,6,5.117,0
20131028,14.7,11.3,5.6,965.03,68.21,11.7,19.2,11.7,10,27.8,0,6,3.617,0
20131029,10.5,8.4,2.8,974.55,66.33,7.5,13.2,7.1,4.6,17.2,0,0,7.067,0
20131030,7,7.4,1.5,984.3,74.67,5.3,10.9,2.1,-1.4,12,0,0,7.65,0
20131031,5.6,6.7,2.8,986.02,74.67,4,11.8,1,-1.7,7.8,0,0,8.667,0
20131101,8.2,8,7.4,978.88,73.75,5.1,10.6,6,4.2,9.6,0.2,6,0,0
20131102,11.4,11.4,6.5,966.64,83.46,7.6,13.9,7.5,5.9,19,0.3,6,1.417,0
20131103,8.7,9,5.9,964.99,78.71,8.5,12.3,6.3,4.6,17,2.1,6,2.367,0
20131104,8,8.7,7.1,954.99,80.58,9.6,11,4.9,3.3,19.4,0.8,6,0.75,0
20131105,5.4,7.3,6.1,959.33,81.71,6.4,7.6,3.5,1.9,12.5,0.3,6,0.683,0
20131106,7.1,8.7,7.2,962.6,86.13,7.3,12,3.9,2.8,15.9,3.4,6,0.833,0
20131107,13.1,12.5,6.7,968.48,82.46,9.2,14.1,11.6,10.4,18.3,4.5,6,0.017,0
20131108,9.6,11.1,7.6,970.85,92.63,3.5,13.2,7.5,7.5,11.3,1.7,6,0.1,0
20131109,8.1,8.1,5,970.77,74.13,7.9,12.1,4.4,2.3,17.9,0.1,6,5.567,0
20131110,5,7.5,6.2,969.4,85.75,5.3,6.7,1.9,-0.3,13.9,0.2,6,0,0
20131111,4.2,7.3,4.8,989.21,88,3.7,7.4,0,-3.6,7.6,0,0,0.983,0
20131112,3.5,6.3,3.8,987.86,80.5,2.8,8.4,-0.7,-3.9,6.6,1.6,6,6.817,0
20131113,4.6,7.5,3.8,990.41,88.63,3.3,8.5,-1.1,-3.8,7.3,0,0,6.3,0
20131114,1.2,6.1,5.1,983.23,91.38,2.3,5,-1.9,-5,5,0,0,3.333,0
20131115,0.7,6.3,7.4,988.27,97.67,1.7,1.7,-1,-3.5,5.4,0,0,0.017,0
20131116,1.2,6.1,6.1,991.27,92.46,2,5.1,-2.1,-3.9,4.6,0,0,3.7,0
20131117,0,6,6.7,985.93,98.04,1.9,2,-2.6,-5.2,5.3,0,6,0,0
20131118,3.7,7.4,7.8,973.86,92.13,2,5.4,1.5,1.7,6.4,0,6,0,0
20131119,4.5,8.1,8,968.06,95.71,2.2,5.5,3.4,3.4,7.7,20.2,8,0,0
20131120,1.6,6.6,7.8,965.28,96.42,3.4,3.4,0.2,-1.3,10.5,6.4,8,0,2
20131121,0.4,6.1,6.9,964.07,97.79,3.1,1.2,-0.5,-3.4,8.3,6.3,8,0,0
20131122,1.5,6.8,8,969.83,99.63,4.8,2.5,0.6,0.4,8.9,0.2,6,0,0
20131123,3.6,7.9,8,977.19,100,3.3,4.8,2.5,2.5,7.9,0.7,6,0,0
20131124,2.1,6.4,5.5,981.05,89.38,4,4.2,-1.2,-3.1,14.3,0.3,8,0.383,0
20131125,-1.6,4.7,2.1,988.09,85.75,3.9,1.5,-4.7,-7.3,7.3,0,0,3.733,0
20131126,-1.6,4.8,2.3,992.65,89.17,3.1,1.3,-5,-8.5,7.3,0,7,4.467,0
20131127,-2.2,5,6.8,993.03,94.79,3.7,0.8,-6.1,-8.7,7,1.4,6,1.45,0
20131128,1.8,6.7,8,989.89,96.08,5.5,3,0.4,0.4,9.5,0.2,6,0,0
20131129,3.1,6.9,7.4,980.84,90.38,6.2,4.1,1.8,0.5,13,1.4,6,0.1,0
20131130,3,6.9,7.3,978.25,90.21,5.6,4.3,1.2,-0.2,12,0,6,0,0
20131201,3.6,7.3,7.4,988.53,92.29,4.6,5.6,1.2,-0.7,9,0,6,2.383,0
20131202,3.3,6.8,5,994.51,88.04,2,5.9,-0.6,-4.2,5.8,0,0,5.05,0
20131203,-1.8,5.1,5,990.08,94.63,1.8,2.6,-5.1,-7.2,4.3,0,0,4.833,0
20131204,-0.1,5.6,7,985.18,91.83,5.1,2.7,-4.7,-8,11.4,0.1,6,0,0
20131205,1.8,5.8,6.1,977.6,83.63,9.5,4.5,-0.9,-4.3,26.7,1.8,8,1.917,0
20131206,0.6,4.8,6.6,974.54,74.96,10.5,1.5,-1,-2,20.5,0,7,0.05,0
20131207,0.8,5.7,7.4,983.66,87.17,5.8,3.1,-1.1,-2.4,13.3,0.6,8,0,0
20131208,4.5,7.4,7.5,984.54,87.33,7,6.2,2.9,2,18.7,0,6,0.367,0
20131209,6.6,8.4,7.9,987.11,86.29,8.6,7,5.9,5,17.8,0.2,6,0,0
20131210,6.5,9.2,7.5,995.72,95.58,2.2,8.2,4.1,2.6,5,0,6,0.017,0
20131211,3.7,7.9,8,995.34,99.04,2.3,5,2.3,2.5,6,0,6,0,0
20131212,1.1,6.6,7.5,991.1,99.54,2.9,2.5,-0.2,-0.2,5.9,0,6,0,0
20131213,-0.7,5.7,3.8,986.3,98.46,3.3,2.3,-3.9,-6.7,6.8,0,0,3.7,0
20131214,-0.2,5.8,4.4,987.25,94.38,3.8,2.8,-4.2,-8.3,12.8,1.2,6,0.9,0
20131215,2.8,6.3,4.9,990.04,83.92,6.4,4.9,0.5,-1.1,15.6,0,6,0,0
20131216,6,5.2,3.1,988.57,55.71,4.5,10.7,1.8,-2.8,10,0,0,6.45,0
20131217,5,5.2,5.3,986.84,60.08,2.9,8.9,0.3,-3.4,6.9,0,0,1.45,0
20131218,4.5,5.9,6.1,982.04,70.21,4.7,7.6,-0.3,-3.6,10.6,0,0,0.683,0
20131219,5.8,7.1,6.7,971.82,76.88,7.4,7.6,3.6,0.6,19.1,0,6,0,0
20131220,3.8,6.9,4.7,983.96,86.42,5.1,6.5,1.3,-0.4,12.5,0,6,0,0
20131221,3,5.6,5.9,988.36,74.83,6.9,7.1,0.6,-1.1,19.5,0,6,1.667,0
20131222,7.8,8.3,7.6,979.05,77.71,9.7,9.3,5.7,4.7,18.8,2.2,6,0.283,0
20131223,6.7,8,6.2,976.82,81.04,7.3,8.4,4.9,3.3,16.6,0,6,4.567,0
20131224,10.1,6.4,7,962.63,52.83,9.1,14.5,7,5.8,17.9,0,6,1.567,0
20131225,7.7,7.8,7.3,955.98,75.58,4.5,10.4,5,3.1,12.2,4.9,6,0.3,0
20131226,4.9,8.5,7.9,958.39,97.67,2.6,5.6,3.9,2.2,8.2,6.5,6,0,0
20131227,5.1,6.4,5.6,966.22,73.17,7.3,7.1,3,0.9,15.7,0,0,4.683,0
20131228,7.5,8,7.2,964.66,76.96,7.2,10.4,6.2,5.2,14.2,2.4,6,0.7,0
20131229,4,7,4.8,976.86,85.92,6.1,7.1,0,-2.3,13.1,0,6,2.983,0
20131230,1,5.5,0.9,986.77,83.58,4.1,4.3,-1.9,-6,9,0,0,6.617,0
20131231,1.5,5.3,4.8,980.27,78.08,2.9,5.8,-2.6,-6.3,8.2,0,0,6.367,0
20140101,2.3,5.8,5.7,973.75,79.71,4.5,5,-1,-1.4,11.8,0,6,1.217,0
20140102,5.8,7.2,6.7,967.58,77.79,6.2,7.5,3.7,0.6,13.8,0,6,0.15,0
20140103,6.3,7.9,4.7,970.68,82.63,7.2,8.9,3,1.1,16.4,0.3,6,0.067,0
20140104,5.7,7.3,7,968.78,80.04,4.3,7.4,3.9,0.6,15.8,0,6,0.533,0
20140105,4.4,7.3,5.2,968.53,86.42,4.7,6.4,0.9,-2.9,10.2,0,6,0,0
20140106,5.9,7.3,5.3,972.86,77.75,6.7,10,1.1,-1.5,15.3,1.3,6,0.55,0
20140107,9,9,5.3,976.59,78.38,6.7,11.6,6.5,4.5,15.2,0.2,6,6.65,0
20140108,8.9,9.1,5.1,979.33,79.5,6.8,11.9,5.5,0.2,17.7,0.1,6,5.233,0
20140109,9,9.2,7.5,971.22,79.79,7.9,11.9,4.7,2.9,19.1,1.1,6,0.683,0
20140110,3.8,6.5,3,976.36,80.38,7.7,6.4,1.5,-0.9,16.9,0,6,4.467,0
20140111,3.3,6.5,4.3,977.6,83.63,6,6.7,0,-2.4,16.6,1.3,6,1.367,0
20140112,1.1,5.4,4,983.62,81.83,4.5,4.2,-3,-5.8,8.9,0,0,5.517,0
20140113,1.4,6.1,6.5,974.88,87.67,3.1,4.6,-3.7,-7.6,8.1,0.3,6,0.833,0
20140114,1.6,6.7,7.9,969.95,98.04,1.6,2.9,0.4,0.1,6,0.2,8,0,0
20140115,1.6,6.2,6.8,971.71,89.63,3.5,4.6,-0.7,-1.9,8.7,1.2,6,0.183,0
20140116,4.6,7.5,7.8,966.16,87.38,4.6,6.8,2,1.2,11.6,0.7,6,0,0
20140117,5.7,7.6,4.7,965.86,82.58,4.7,8.5,3,1.4,9,0,0,2.1,0
20140118,2.2,6.7,4.8,967.05,93.04,3.1,4.9,-1.1,-3,8.6,0,0,4.133,0
20140119,1.4,6.7,8,964.54,99.5,2.7,3.3,-0.5,-1.3,6.5,0.4,6,0,0
20140120,-1.1,5.6,8,966.45,99.54,3.2,0.5,-1.7,-1.2,7.7,0.4,8,0,0
20140121,-1.1,5.6,8,972.06,99,1.2,-0.3,-1.7,-1.4,3.1,0.9,8,0,0
20140122,-1.5,5.4,8,975.47,99,1.9,-0.7,-3.2,-2.6,3.5,0.1,7,0,0
20140123,-3.2,4.7,8,976.79,98.04,2.1,-2.5,-4.2,-3.6,3.6,1.5,8,0,0
20140124,-4.1,4.4,8,976.61,97.04,1.9,-2.7,-6,-5.5,3.5,0.7,7,0,2
20140125,-7.6,3.3,8,980.27,94.5,1.3,-5.9,-9.1,-8.7,2.6,4,7,0,4
20140126,-8.5,3.1,8,968.03,93.38,1.2,-2,-10.7,-10.4,2.9,0.1,8,0,9
20140127,1,5.8,5.4,959.05,88.71,3.8,3.4,-1.9,-4.3,9.4,0,8,2.5,7
20140128,-0.8,5.2,6,964.1,89.96,3,2.7,-4.1,-6.7,7.3,0,6,4.15,4
20140129,-4.4,4.3,7.8,966.3,96.79,2.9,-2.6,-5.2,-4.6,6.5,0,6,0,2
20140130,-2.9,4.4,6.7,970.48,88.5,2.1,0.4,-5.2,-7.9,4.9,0,0,5.233,2
20140131,-2.8,4.5,4.7,970.53,89.83,2.2,1.4,-5.9,-6.8,6.1,0,0,3.5,2
20140201,2.6,6,4.9,966.58,81.17,5.2,6.4,-2.7,-7.3,12.1,2.9,6,3.017,2
20140202,2.4,6.8,7.2,975.21,93.25,2.2,4.5,-1.2,-3.8,4.6,1,6,0,0
20140203,-0.3,5.6,5.3,975.55,94.17,2.5,1.6,-2.9,-4.4,9.3,0,0,0,0
20140204,1.5,6,5.8,972.39,88.13,2.4,4.2,-0.9,-4.7,6.2,1.1,6,0.633,0
20140205,0,5.4,4.5,964.73,88.25,2.9,3.8,-3.7,-6.3,10.7,0,6,3.4,0
20140206,5.2,6.8,5.8,967.23,76.75,6.9,7.9,3.1,1.8,14.7,0,6,4.883,0
20140207,8.1,6.5,6.6,959.76,59.83,10.1,12.8,5,3.7,24.4,0,6,1.067,0
20140208,5.1,6.3,5.8,960.42,71.88,7.2,7.9,2.1,-0.4,15.1,0,6,0.817,0
20140209,4,5.9,2.9,958.99,73.25,8,7.1,0.3,-1.6,17.1,0,6,5.5,0
20140210,3.3,5.3,5.1,960.22,69.33,4,7.2,-0.7,-2.4,8.7,0,6,2.567,0
20140211,3.7,5.8,6.4,964.38,73.25,6.1,6.6,1.6,-1.4,14.2,0,6,0.433,0
20140212,3.6,5.6,5.5,968.78,70.71,6.1,6.9,1.5,-0.7,16.8,0,6,3.8,0
20140213,4.5,6.6,6.8,959.53,78.21,7.4,7.3,2.9,1.8,15.1,1.9,6,2.183,0
20140214,4.4,5.9,5.3,968.24,71.29,7,7.2,1.2,-0.2,14.1,0,6,6.883,0
20140215,8.4,7.3,7.2,963.38,66.38,8.2,12.1,6,3.9,19.6,0,6,0.883,0
20140216,4.9,6.9,5.3,970.6,79.92,8.4,8.5,1.7,-0.1,17.2,1.9,6,2,0
20140217,3.9,6.4,3.6,976.9,80.21,4.4,9.4,-0.9,-4.6,9.6,0,0,8.15,0
20140218,3.9,6.4,7.3,977.21,79.63,3.5,8.6,0.2,-2.1,8.3,0,6,0.833,0
20140219,5.6,7.3,6.3,974.41,80.33,5.2,8.3,2,-2,9.9,0,6,1.45,0
20140220,5.7,7.1,4.5,973.91,78.04,4.7,9.7,2,-1.3,12.1,0.2,6,5.75,0
20140221,5.9,7.5,6.2,969.19,80.83,6.2,10.5,0.4,-2.1,19.1,0.4,8,2,0
20140222,3.7,6.4,3.8,976.77,80.58,4.8,8.1,-0.6,-4.3,12.6,0,6,5.133,0
20140223,4.3,6.1,3.2,983.59,74.71,3.5,9.1,0,-2.8,7.2,0,0,6.333,0
20140224,6.3,5.1,0.9,979.6,56.75,3.6,13.6,1.3,-4.5,7.7,0,0,9.5,0
20140225,7.2,5.8,3.9,975.31,58.42,5,13.1,2,-1.2,10,0,6,7.767,0
20140226,7.7,7.2,7.2,977.68,68.5,2.5,10.4,5.4,2.9,5.6,0,6,0.017,0
20140227,6.1,7.8,7.1,977.47,83.5,3.4,10.3,3.6,1.6,7.8,1.1,6,1.7,0
20140228,4.3,6.5,5.9,967.07,78.17,3.3,7.4,1.7,-2.5,8.3,0.3,6,1.633,0
20140301,4.6,6.6,7,964.05,78,2,10,-0.4,-3.9,5.4,0,0,6.867,0
20140302,4.4,6.7,5.6,965.06,80.71,2.9,9,1.1,-1,6.7,0,0,3.8,0
20140303,4.6,6.3,3.3,957.51,75.79,3.4,9.7,-1.2,-5.2,10.6,0,0,6.9,0
20140304,3.7,6.6,5.7,965.13,82.79,2,8.6,-1.7,-5.1,4.6,0,0,1.4,0
20140305,3.9,6.8,6.2,978.93,84.38,3.4,9.4,-1.9,-3.8,7.7,0.1,6,3.983,0
20140306,3.2,7.3,3.8,990.35,94,2.4,7.1,-0.6,-3.7,4.7,0,0,4.9,0
20140307,2.4,6.3,5.1,988.31,86.71,2.1,9,-4.3,-6.2,4.7,0,0,7.5,0
20140308,6.3,7.8,2.5,993.67,81.38,2.6,11.8,0.8,-2.7,6,0,0,6.633,0
20140309,6.8,7.5,1.5,992.83,77,2.9,14,0.9,-3.5,5.4,0,0,10.367,0
20140310,8.1,6.5,1.3,987.49,62.67,2.1,14.8,0.6,-4.5,5.1,0,0,10.5,0
20140311,6.3,7.1,0.3,991.79,74.92,2.7,12.4,-0.3,-4,7.9,0,6,10.4,0
20140312,6,5.9,0.1,994.27,67.54,2,12.3,-2.4,-4.3,7,0,0,10.383,0
20140313,7.6,6,0,989.59,60.63,2.7,16.4,-2.3,-5.4,7.4,0,0,10.583,0
20140314,7.6,5.7,1.6,985.58,59.13,3.1,15.4,-0.9,-5.3,10.4,0,0,10.7,0
20140315,7.3,7.1,7.4,977.28,69.58,8.2,9.8,4.4,4.2,16.5,2.7,6,0.4,0
20140316,8.2,9.6,7.5,975.78,88.46,10.2,10,5.8,4.7,19.7,0.1,6,0,0
20140317,9,8.4,7.3,979.55,73.71,5.7,11,6.7,5.3,12.3,0,6,0.167,0
20140318,8.8,8.5,7.5,976.22,74.96,4.9,12.5,6,4.7,15.8,0.5,6,0.85,0
20140319,9,8.4,6.4,980.53,73.67,9.1,12,6.1,5.3,17.1,0.3,6,3.133,0
20140320,13.1,7.1,4,979.38,50.54,5.4,19.7,6.1,2,13.3,0,0,10.4,0
20140321,13.7,8.1,5,971.08,52.88,8.6,19.7,6.3,5.5,22.3,1,6,6.2,0
20140322,8,8.8,7.3,967.16,82.17,4.2,10.5,4.5,3.4,12.7,2.3,6,0.35,0
20140323,4.8,6.5,7.3,967.93,76.88,3.5,8.4,1.5,-0.8,7.8,0,6,0.267,0
20140324,3,6.3,6.1,972.63,84.21,3.3,7.6,-0.6,-2.8,7.9,1.3,8,2.283,0
20140325,2.5,6.1,5.2,972.45,84.42,2.5,7.3,-1.1,-4.4,6.9,0,8,5.767,0
20140326,3.6,5.7,3.7,975.73,73.83,3.7,9.3,-3.7,-6.1,10.7,0,6,7.417,0
20140327,6.5,6.8,5,976.83,71.67,4.2,12.1,2.3,0,12.6,0,6,4.533,0
20140328,4.7,7.6,5.3,981.53,89.21,2.6,7.9,1,-3.4,7.4,0,6,0.083,0
20140329,8.2,8.9,3.2,983.67,83.21,2.3,15.2,3.3,0.9,7.6,0,0,7.85,0
20140330,9,9.2,4.2,979.08,81,1.9,16.9,-0.3,-1.5,4.3,0,0,7.033,0
20140331,10.1,8.7,7.2,976.38,72.33,2.3,16.6,4,2.1,4.3,0,0,1.667,0
20140401,11,8.6,6.5,974.65,67.58,2.2,17.6,3.3,1.3,5.4,0,0,5.95,0
20140402,12.4,9.3,4.1,970.89,67,2.2,19.3,4.9,1.4,5.6,0,0,9.65,0
20140403,14.4,9.5,5.8,967.77,59.29,2.8,21,7.4,3.2,8.8,0,0,6.867,0
20140404,12.2,11.3,7.5,971.23,79.5,2.7,15.5,7.9,6.6,8.1,0,0,0.05,0
20140405,10.3,10.9,7.5,975.9,86.88,1.8,14,7.5,5.7,3.7,0,6,0.1,0
20140406,13,10.3,4.9,979.93,70.96,3.2,17.9,9.2,7.2,9,0,6,8.817,0
20140407,15,11.3,6.3,978.19,66.75,3.4,20.3,8.8,4.8,10.2,0,6,3.767,0
20140408,11.2,8.5,5.5,975.73,62.38,7.9,16.8,3.6,1.9,19.3,0.6,6,4.783,0
20140409,6.9,7.3,6.1,982.99,73.13,7.2,10.2,3.4,1.9,14.5,0.6,6,2.583,0
20140410,8.4,10.2,7.8,982.34,92.08,3.7,10.5,6.8,6.5,9,0.4,6,0,0
20140411,9.7,10.1,7.3,980.46,85.54,1.9,14.7,7.3,6.6,4.6,1.7,6,1.75,0
20140412,10.6,10.3,7.1,978.71,81.29,1.7,14.4,7.6,7.1,6.7,0,6,1.333,0
20140413,10,8.4,5.5,978.42,69.38,4.2,13.9,5.9,2,13.8,0.1,6,5.433,0
20140414,6.1,7.2,5.7,975.13,76.54,7.6,10.7,1,-0.4,19.2,4.8,8,5.75,0
20140415,4.2,6.4,6.8,983.42,77.42,5.9,6.8,2.3,1.6,12.3,0.7,6,1.083,0
20140416,5.6,6,3.4,990.7,67.71,2.7,10.5,0.2,-4.2,7.3,0,0,8.717,0
20140417,7.3,5,3.5,982.93,51.25,4,13.7,-0.9,-4.6,9.9,2.1,6,12.283,0
20140418,6,7.6,6.7,973.12,82.42,4,9.5,2,-0.9,13.8,7.3,8,2.933,0
20140419,7.5,9.6,6.1,977.32,90.67,2.6,13.9,1.4,-1.2,9.5,0,6,1.333,0
20140420,12.4,10.9,4.3,971.65,76.88,3.5,17.5,9,5.6,12.7,8.4,6,8.75,0
20140421,11,9.9,3.7,967.92,76.5,2.6,16.2,3.8,0.4,11,0,0,9.417,0
20140422,12.3,10.6,4.4,973.92,75.38,3,16.8,6.5,3.2,7.6,0,0,7.267,0
20140423,12.7,10.7,2.3,981.28,73.92,2.2,19.3,4.5,1.9,5.7,0,0,13.033,0
20140424,12.4,12.5,1.8,981.33,86.04,2.9,17.4,5.9,2.5,8.1,0,0,12.3,0
20140425,14,12.8,4.4,976.02,81.79,2.4,20,10.2,8.3,7.2,0,0,7.633,0
20140426,14.2,12.9,5.3,972.59,80.38,1.8,18.9,7.7,4.8,5,0,6,6.667,0
20140427,12,12.7,6.9,968.97,90.38,2.9,16.7,8.4,6.1,8.6,7.5,6,1.383,0
20140428,12,13.3,7.4,971.93,94.58,2.1,14.2,10.5,7.3,5.6,0,6,0,0
20140429,13.7,11.6,3.2,973.37,74.83,1.8,18.5,9.5,6.1,5.4,0,0,12.4,0
20140430,14.2,10.8,2.9,972.11,69.58,2.2,19.5,7.8,4.8,8.4,0.5,6,12.583,0
20140501,12,12.5,7.4,972.78,89.33,2.1,15.7,9.8,8.1,6,8.4,6,0.783,0
20140502,6.5,9.5,8,977.03,97.33,3.9,10.5,3.2,3.3,9.7,0.2,6,0,0
20140503,6.3,6.7,4.8,983.65,72.04,3.4,10.7,1.2,-1.6,9.3,0,0,6.133,0
20140504,5.9,6.7,3,983.83,73.96,2.8,11.3,-1.3,-3.1,9,0,0,10.8,0
20140505,9.2,7.8,5.2,979.94,68.5,1.9,14.4,3.5,2.1,5,0,0,10.417,0
20140506,13.5,10,6,973.8,64.96,4.5,18.9,6.2,3.3,12.2,0.1,6,3.183,0
20140507,13.1,9.9,5.4,972.55,66.75,6.4,16.2,7,4.9,14.1,0.7,6,6.433,0
20140508,11.4,10.4,6.9,974.6,78.21,6,15,7.1,5.3,16,3.1,6,2.733,0
20140509,13.4,10.5,6,972.84,69.92,8,18.5,6.8,5.3,18.5,1.7,6,7.367,0
20140510,10.8,10.3,6.1,973.1,79.92,5.8,14.8,5.5,3.4,16.7,4.4,6,3.467,0
20140511,9.8,9,4.3,967.08,74.79,7.6,14,7,5.3,20.2,1.8,6,7.583,0
20140512,10,8.4,5.3,971.17,70.21,7.6,14.8,6.7,4.8,17.6,0.3,6,8.133,0
20140513,8.6,9.4,6.9,976.52,84.58,4.5,13,4.4,2.7,12.7,8.6,6,2.483,0
20140514,7.2,8.4,5.3,986.48,82.67,4.5,11.9,3.3,1.6,12.9,2.7,6,6.55,0
20140515,8.4,8.8,5.3,992.37,79.79,3.2,12.4,2.9,0.2,8.3,0,6,3.233,0
20140516,11.3,8.9,4,989.61,68.5,4.1,15.7,5.5,3.9,9.7,0,0,10.417,0
20140517,11.6,10,6.5,982.72,73.33,3.3,16.6,5.5,3.5,7.6,1.1,6,3.35,0
20140518,11.9,11.8,7.5,975.73,84.71,2.6,14.6,9.3,8.4,6.5,0.7,6,0.117,0
20140519,15.2,12.2,3.6,972.52,72.79,2,21.8,8.1,4.6,6.2,0,0,7.65,0
20140520,18.6,12.1,2.7,975.89,58.5,2.2,25.4,10.3,6.7,7.1,0,0,10.483,0
20140521,21.3,12.7,6.4,975.68,51.54,3.2,27.4,15,10.6,9.1,0,0,12.717,0
20140522,21.4,15.6,3.3,971.37,61.88,3,26.4,13.1,12.1,21.6,4.3,6,13.5,0
20140523,15.1,13.3,5,973.28,78.21,4.1,18.4,11.4,8.2,13.4,0,6,7.767,0
20140524,14.7,13.1,3.7,977.35,79.25,2.8,19.9,9.3,5.8,8.7,0.9,6,9.067,0
20140525,15,10.3,3.1,982.46,63.46,2.5,20.8,7,3.6,5.7,0,0,12.933,0
20140526,18,12.1,4.2,977.51,60.58,3.7,23.7,10,6.5,12.2,1,6,13.417,0
20140527,14.5,15.5,7.9,971.61,93.29,2.7,15.3,12.3,12.2,6.7,16,6,0,0
20140528,10.3,12.1,8,973.22,96.54,2.8,12.3,8.8,8.9,6.3,8.8,6,0,0
20140529,7.5,10,7.8,978.58,95.71,3.1,8.9,6.8,6.7,7.1,2.4,6,0,0
20140530,10.8,9.5,5.1,983.11,75.17,1.8,16,5.6,3.5,6.8,0,0,5.517,0
20140531,12.3,9.3,3.4,982.92,67.42,3.2,18.6,4.4,2.8,8.6,0,0,12.217,0
20140601,12.8,9.5,3,982.25,65.83,2,17.9,5.3,2.5,6,0,6,12.933,0
20140602,14.1,10.8,5,980.85,68.08,2,18.2,9.2,7.3,8.3,0,0,9.883,0
20140603,14.9,10.2,3.7,977.18,63.17,1.9,20,7,4,5.2,0,0,13.283,0
20140604,16.1,12.3,5.8,971.41,67.92,2.5,21.5,10.1,7.1,10.5,3.1,6,7.017,0
20140605,14,10,4.7,975.5,64.08,5.9,17.8,9.5,5.9,14.7,0,0,11.367,0
20140606,16.8,10.2,1.2,979.91,55.58,2.4,23.6,8,5.5,5.8,0,0,14.633,0
20140607,21.3,13,3.4,979.26,54,1.9,28.6,10.8,8.6,5.7,0,0,13.183,0
20140608,25.2,15.1,0.9,980.84,49.46,2.8,32,16,13.2,8,0,0,13.783,0
20140609,23.4,19.9,2,981.17,69.83,3.1,29.3,18,14.5,9.5,0.3,6,14.3,0
20140610,23.4,20,6,981.68,69.71,3.4,28.4,17.9,16.2,14,2.2,6,8.3,0
20140611,19.4,18.5,5.9,985.48,82.79,3,22.5,15.6,13.6,13.5,8.8,8,5.467,0
20140612,17.5,13.5,4.4,987.51,68,2.4,22.1,12.8,9.1,6.9,0,0,9.017,0
20140613,14.9,11.8,3.3,982.46,71.25,3.6,20.4,8.6,6.1,10.7,0,0,9.967,0
20140614,12.8,11.5,6.4,980.72,77.92,3.4,16.5,9.5,6.7,7.8,0.6,6,1.7,0
20140615,13.6,10.5,3.5,983.16,69.67,2.2,18.9,6.4,3.7,6.6,0,0,7.617,0
20140616,13.4,11.8,7.2,981.79,77.38,3.5,17.9,9.1,6.7,8.5,0,6,8.467,0
20140617,15.2,11.8,5.2,981.98,70.08,1.9,19.7,10.3,7.2,6.7,0,0,4.367,0
20140618,15.4,11.5,2.7,981.93,68.96,2.9,22.3,7.3,4.8,8.6,0,0,13.367,0
20140619,12.7,11.8,6.1,979.5,80.88,4.1,17.2,9,7.2,10,0.6,6,2.633,0
20140620,12.3,11.1,6.7,978.13,78.04,4.6,16.6,9.9,7.2,11.1,0,6,1.2,0
20140621,12.7,10.4,6.9,979.73,72.08,4.4,17.4,8.7,7.3,11.1,0.2,6,1.45,0
20140622,14,10.8,5.9,980.98,69.13,3.4,19.4,9.8,5.9,9.9,0,0,3.717,0
20140623,13.3,10.1,6,982.98,66.83,2.9,17.5,9.7,6.9,9.3,0,0,7.717,0
20140624,13.5,11.8,5.4,979.04,77.38,2.3,19.7,7.1,3.7,9.6,8.8,6,5.65,0
20140625,11.3,11.7,6.6,975.5,87.5,3.1,14.6,9.1,7,8.6,7.3,6,2.15,0
20140626,12.4,11.3,4.7,978.31,79.08,2,17.7,6.7,4.1,9,0,6,4.417,0
20140627,16,11.5,4.9,977.79,67,1.8,22.4,7.3,4.4,9.6,0.2,6,9.283,0
20140628,16.8,14.9,7.3,973.91,77.79,3.7,21.2,13.4,12.1,10.1,1.7,6,3.133,0
20140629,14.7,14.3,7.3,969.96,85.92,4.1,17.2,10.8,9.3,9.8,2.7,6,0.767,0
20140630,13.3,12.2,5.5,976.23,81.17,4.2,18.3,8.3,5.7,12.3,0.8,6,5.033,0
20140701,14,9.9,3.1,980.49,65.33,2.9,19.6,7.3,5.5,10,0,0,12.233,0
20140702,14.8,10.1,2,983.21,62.71,2.4,20.4,6.9,4.7,11.9,0,0,12.717,0
20140703,18.1,10.1,2.4,984.57,54.21,3,26.3,7,4.4,11,0,0,15.05,0
20140704,22.8,11.2,3.5,975.85,43.38,3.4,30.2,14.5,11.9,9.7,0.2,6,12.367,0
20140705,20.6,15.9,6,971.38,66.21,5,26.6,15.4,13.3,12.5,0,6,3.333,0
20140706,23.6,15.7,4.5,973.75,56.58,3.9,29.9,16.7,15.1,13,0.4,6,10.417,0
20140707,19.3,16.5,7,977.87,73.96,3.6,22.2,16.6,15.7,13.2,4.7,6,1.833,0
20140708,17.2,18.4,7.8,969.76,93.38,3.4,19,14.5,14.3,9.3,40,6,0,0
20140709,13.4,13.9,7.8,966.73,90.75,5.5,16,11.3,11.2,12.9,13.6,6,0.05,0
20140710,15.9,16.3,7,970.75,89,2.7,22.1,12.8,12.4,8.7,8.8,6,1.083,0
20140711,17.9,17.1,6,974.28,84.21,2.5,23.6,14.1,12.4,9.2,0.9,6,6.483,0
20140712,16.5,12.2,4,974.39,66.71,2.3,21.6,11.8,9.1,7.4,0,6,10.667,0
20140713,15.4,14.7,6.6,971.68,85,3.4,20.8,10.6,9,11.4,7.9,6,1.5,0
20140714,18.8,15.5,4.3,974.9,73.75,4.7,24.2,14.7,12.9,10.5,1.6,6,8.983,0
20140715,19.1,14.6,3.7,982.27,68.5,2.7,24.5,12.8,11.1,8.1,0,0,11.65,0
20140716,19.7,15.2,3.6,984.25,68,1.9,24.7,12.7,10.5,6.7,0,0,9.7,0
20140717,22.2,14.9,2.1,984.02,58.42,1.6,27.5,14.3,11.7,5.4,0,0,12.567,0
20140718,23,13.9,2.9,982,52.33,1.7,29.7,13.5,11.1,5.7,0,0,14.267,0
20140719,25.2,13.9,1.7,977.8,45.71,2.3,31.2,16.6,12.8,7.1,0,0,14.117,0
20140720,25.6,16.2,5.2,973.15,50.92,3.2,31.4,20.3,17.8,11.5,12.5,6,7.867,0
20140721,20.8,20.9,7.6,973.31,85.17,2.9,23.9,18.3,17.8,10.4,2.1,6,1.067,0
20140722,21.7,17,4.8,978.09,67.54,4.1,26.6,16.5,15.5,11.1,0,0,11.6,0
20140723,21.3,14.5,3.1,980.05,59.29,3.4,26.7,16.6,13.6,11.5,0,6,13.133,0
20140724,18.2,14.9,4.5,978.01,72.13,3.7,23.5,13.6,11.2,12.9,0.6,6,9.05,0
20140725,17.3,16.9,6.5,976.4,86.46,2.1,21.6,14.7,11.9,7.9,0.1,6,4.6,0
20140726,18.3,17.3,6.2,976.08,83.92,2.3,26.6,14.4,11.1,15.7,59.5,8,3.767,0
20140727,19.2,18.6,6.5,977.16,84.71,2.6,26.8,14.7,13.6,12.3,31.4,8,6.483,0
20140728,20.1,18.3,6,974.97,78.54,2,25.8,13.3,12,18,17.3,6,4.617,0
20140729,20.2,20.1,7.1,971.35,85.58,2.3,24.4,16.4,15.3,6.9,1.6,6,1.5,0
20140730,18.8,19.3,7.7,972.28,88.88,2.9,21.1,16.5,15.8,8.9,0.2,6,0,0
20140731,19.4,13.9,3.6,977.42,64,1.9,24.3,15,11.3,7.1,0,0,9.833,0
20140801,19.8,13.7,5,975.48,61.71,2,25,11.9,10.1,6.8,0,0,10.45,0
20140802,21.6,17.1,6.5,971.67,68.21,1.8,27.4,16,12.1,10.5,11.5,6,6.483,0
20140803,18.9,19.9,6.8,973.64,90.83,2.4,22.4,16.8,15.8,6.3,26.1,6,1.45,0
20140804,18.2,18.4,6.5,977.46,88.38,2.5,23.2,13.6,11.7,16.2,42.1,6,2.883,0
20140805,16.8,15.8,4.6,980.46,83.63,3.3,21.1,11.9,9.4,9.5,0,6,6,0
20140806,17.3,13.4,4.3,979.98,70.71,2.2,22.5,10.2,8.9,6,1.5,6,11.183,0
20140807,17.9,15.5,5.8,977.59,76.67,3.2,21.8,13.7,11.6,10.3,0,0,2.717,0
20140808,19.4,14.6,2.7,976.57,68.13,2.4,25.5,11.6,10.2,6.2,0,0,10.633,0
20140809,20.5,15.2,3.9,973.88,63.25,5.7,24.4,15,11.4,17.8,0,6,8.817,0
20140810,20,17,6.5,972.45,73.54,4.1,26.6,13.8,10.4,20.1,9.1,6,4.8,0
20140811,17.2,12.7,4.4,974.63,65.71,5.2,21.2,11.3,7.7,13.1,0,0,9.333,0
20140812,15.8,11.1,2.9,974.69,63.5,5.3,20.9,10.7,8.5,12.5,0,6,9.517,0
20140813,15.7,13.3,6.2,969.19,75.42,3,21.7,11.8,9.8,8.6,23.8,6,4.367,0
20140814,15.1,13.2,4.5,973.01,77.75,5.2,19.1,11.5,9.6,11.1,0,6,7.933,0
20140815,14.2,13.1,6.8,974.41,82,3.5,18.5,11.6,10.1,13,1.4,6,2.967,0
20140816,14.1,13.2,7,978.68,82.75,4.6,18.7,11.9,11.4,13.1,2.9,6,3.15,0
20140817,15.1,11.7,5.5,974.47,68.79,6.9,19.2,10.4,8.8,17.8,0.6,6,6.217,0
20140818,14,11.9,4.8,969.76,74.21,7,18,10.4,8.8,15.7,0.2,6,3,0
20140819,13.1,10.7,3.9,973.44,73.17,5.5,19.3,8.9,6.9,14.7,0.6,6,8.3,0
20140820,11.9,9.2,4.2,977.78,68.42,4.1,17.2,6.9,4.8,9.2,0,0,8.117,0
20140821,12.2,9.2,2.8,978.45,67.13,3.8,18.2,5.4,4,9.4,0,0,11.3,0
20140822,13.7,8.9,4.9,976.18,59.33,5,18.9,7.6,5.5,11,0,6,8.533,0
20140823,12.4,11.4,7,975.54,79.21,3.4,18,9.9,7.7,11.5,2.4,6,1.833,0
20140824,11.3,10.4,5.3,979.53,78.42,4.1,15.2,7.3,5.4,10.4,0.6,6,5.517,0
20140825,12.6,11,6.6,977.14,76.25,3.2,18.9,6.4,3.1,10.1,9.3,6,3.117,0
20140826,12.2,13.1,8,969.88,92.25,2,14.3,10.8,10.5,5,2.5,6,0,0
20140827,13.9,11,3.7,977.43,71.38,2,19.1,8.1,5.2,5.6,0,0,10.35,0
20140828,15.3,11.6,3.5,979.74,68.71,2.9,22.8,7.1,5.4,7.6,0,6,9.067,0
20140829,17.8,15.3,6,978.12,75.42,3.3,22,15,13.3,7.8,0.5,6,3.417,0
20140830,16.8,14.5,6.7,979.38,77.17,4.2,21,13.8,12.8,11.2,10.7,6,4.1,0
20140831,14.4,13.4,6.4,976.08,82.13,3.4,18.5,10.9,8.9,8.5,0,6,2.55,0
20140901,13.6,13,6.2,980.57,83.75,4,17.5,10.2,9,8.4,1.8,6,3.1,0
20140902,13.8,14.8,7.4,983.08,93.71,3.4,17.1,10.9,9.2,8.6,6,6,0.217,0
20140903,13.2,13.5,7,985.37,89.17,2.7,17.2,9.8,8.4,9.6,0.1,6,0.683,0
20140904,14.6,15.1,5.6,982.55,90.25,2.3,18.1,12.4,10.7,6.5,0,6,2.883,0
20140905,17.8,17.4,5.4,977.75,86,1.5,24.3,12.7,10,5.3,0,0,5.333,0
20140906,17.7,18.1,4,975.36,89.75,2.3,23.3,14,12.6,9.9,4.4,6,4.117,0
20140907,17.3,17.3,3.6,976.53,88.17,2.3,22.5,12,11.2,10.6,9.6,6,5.583,0
20140908,16.8,16.2,5.3,979.2,85.38,1.7,21.1,13.9,11,5.6,0,0,4.333,0
20140909,14.1,12.4,5.6,980.87,77.96,2.6,18.1,11.4,9.4,7.9,0,0,8.383,0
20140910,13.3,12,6.9,979.82,79.04,2.9,16.8,11,9.8,7,1.9,6,0.467,0
20140911,12.5,13,7.2,978.98,89.58,3.1,14.9,11.3,10.1,8.1,4.1,6,1.55,0
20140912,13.3,14.7,8,979.67,95.42,5.5,15,11.7,11.4,11.6,5.8,6,0,0
20140913,14.8,16.1,8,983.14,95.38,2.9,15.9,13.9,14,9.2,4.6,6,0,0
20140914,15.1,15.6,7.7,982.05,91.17,2.8,17.3,13.8,13.7,6.4,0.2,6,0.033,0
20140915,16.4,16.9,6.3,980.25,91.13,2,20,14.3,12.4,6.8,0,6,2.6,0
20140916,18,16.2,4.3,979.35,80.08,2.3,23.1,14.6,11.6,8.4,0,0,7.783,0
20140917,17.1,14.9,0.6,977.12,77.17,1.9,21.6,12,8.7,7.1,0,0,11.3,0
20140918,16,15.6,4.5,975.78,85.29,2,20,10.9,7.8,4.6,0.1,6,2.167,0
20140919,17.5,17.4,5.7,975.65,87.67,2.1,22.9,14.1,12.2,9.6,3,6,3.783,0
20140920,16.2,16.9,4.9,976.4,91.25,3.5,21.1,13,11.5,10.6,0.5,6,5.6,0
20140921,13.7,14.7,6.9,976.08,93.5,3.9,16.9,10.4,9.6,12,13.3,6,0.017,0
20140922,10.2,10.4,6.7,977.5,83.75,6,12.7,7.2,6.9,16.3,1.7,6,2.967,0
20140923,10.4,9.2,4.8,981.6,74.17,3.6,14.2,6.1,3.9,9.5,0,0,6.267,0
20140924,9.5,9.3,5.3,975.65,78.92,3.1,14.3,4.3,2.3,7.7,0,0,2.433,0
20140925,12.1,11.2,6.8,979.1,79.96,4.9,15.5,9,7.5,11.9,0,6,2.017,0
20140926,13.1,13,8,984.62,85.63,5.1,15.2,11.5,10.8,10.2,0,6,0.017,0
20140927,14.2,12.8,3.4,989.6,79.96,2.6,18.7,8.7,5.9,6.7,0,0,7.8,0
20140928,13.7,12.9,5.3,987.63,82.42,2.2,20.1,7.2,4.5,5,0,0,8.6,0
20140929,17,14.7,5.6,985.78,77.13,3.6,23.2,10.4,7.9,9.5,0,6,8.583,0
20140930,17,15.7,7.2,986.79,81.25,2.5,20,14.9,13.8,6.2,0,6,2.533,0
20141001,15.8,14.8,4.7,988.68,82.58,1.3,19.5,11.6,9.7,3.9,0,6,5.3,0
20141002,14.8,13.5,3.8,990.62,81.13,1.8,19.9,9.4,7.2,3.4,0,0,9.517,0
20141003,13.2,12.8,0.5,988.25,85.42,2,18.6,8.1,5.8,6,0,0,9.2,0
20141004,11.9,11.3,0,981.78,82.29,2.7,18.3,8.2,4.7,7.4,0,0,9.7,0
20141005,10.9,10.3,3.8,979.34,79.79,2.5,16.4,5.4,2.2,6.2,0,0,6.8,0
20141006,11.1,10.6,3.3,975.93,80.79,2.9,16.5,5.2,2.4,6.3,0,6,9.417,0
20141007,13.3,12.3,7.2,969.71,81,6.3,16.3,9.4,7.6,18.4,1.8,6,1.2,0
20141008,14.4,13.5,7.3,971.86,82.04,5.2,17.5,10.6,9,13.4,0.4,6,1.3,0
20141009,17.6,15,7.2,970.99,75,5.9,20.5,14.2,12.6,15.2,0,6,1.6,0
20141010,14,13.7,6.6,977.8,85.63,2.1,16.4,11.1,8.6,5.8,11.3,6,0.8,0
20141011,13.5,14.9,6.8,976.28,95.79,2,15.6,11.4,9.4,5.5,0.8,6,0,0
20141012,13.3,13.5,6.4,976.6,88.63,2,16.6,9.2,6.4,7.1,0.8,6,5.9,0
20141013,14.2,14.5,6.9,970.84,89.54,2.4,19,11.1,9.4,11.2,0,6,1.3,0
20141014,14,13.6,6.3,971.32,85.83,2.9,18.1,11.1,8.3,9.6,0,6,3.8,0
20141015,12.4,11.7,5.3,970.04,81.17,3,16.6,9,6.2,9,3.2,6,6.1,0
20141016,12.8,12.9,6.2,969.41,86.92,4,17.3,10.2,8.9,10.6,1,6,1.367,0
20141017,12.4,13.1,5.8,976.04,91.04,3.9,15.4,9.2,6.3,9.8,0.1,6,1.233,0
20141018,12.9,12.8,3.8,984.08,86.13,4,17.8,8.1,5.6,7.9,0,0,7.6,0
20141019,15.6,14.7,1.3,980,82.75,5.2,19.8,9.6,7.9,12.7,2.6,6,9.317,0
20141020,13,11.7,5.4,977.74,77.83,6.4,15.7,8.3,5.4,14,0,0,3.45,0
20141021,10.4,10.5,6.2,968.95,83.58,6.4,13.8,6.9,6.1,16.9,7.2,6,0.883,0
20141022,6.7,8.9,7.3,971.67,90.08,9.8,8,4.2,3.8,17.6,8.4,6,0.017,0
20141023,8.2,8.9,6,983.39,82.54,3.9,12,4.6,1,13.4,0,0,2.583,0
20141024,8.2,8.8,3.7,983.85,82.13,2.6,14.4,2.7,-0.1,4.8,0,0,8.7,0
20141025,9.3,9.9,7,982.26,84.67,3.2,12.1,6.7,5.4,6,0,6,0.117,0
20141026,11,11.4,6.5,987.53,86.92,3.2,13.6,8.7,8.1,8.2,0,0,0.95,0
20141027,8.9,9.9,4.4,987.7,86.42,2.8,15.1,2.8,1.1,5.7,0,0,8.3,0
20141028,4.9,7.9,3.5,982.56,92.08,2,11.4,1.3,-1.9,4.6,0,0,5.917,0
20141029,4.5,7.5,3.1,979.82,88.83,2.4,10.5,-2,-4.2,5.6,0.5,6,8.283,0
20141030,8.6,10.5,7.8,985.68,93.17,2.2,10.9,5.4,5.4,4,0,0,0,0
20141031,11.2,12,6.3,986.65,90.25,2.8,16.5,8,4.9,5.1,0,6,2.817,0
20141101,12.1,11.9,3.3,983.7,84.5,2.4,19.1,7.1,4.7,5.1,0,0,8,0
20141102,11.5,11.3,4.3,977.95,82.79,3.1,17.2,7.1,3.3,8,0,6,8.317,0
20141103,13.5,11.5,6.1,968.29,74.13,6.1,16.3,11,9.6,14.9,0,6,2.133,0
20141104,10.3,9.4,6.7,959.78,75.17,4.1,12.1,6.6,4.3,12,0,6,0,0
20141105,8.3,10.4,7.9,963.38,94.88,2.8,10.6,6.6,6.2,7.1,5.8,6,0.067,0
20141106,6.8,9,6.9,973.2,90.88,3,8.7,2.9,-0.2,6.8,0,0,0,0
20141107,5.2,7.8,4.2,971.77,87.5,4.2,8,1.3,-1.5,14.4,0.1,6,3.533,0
20141108,7.7,8.7,3.7,975.09,82.79,4.7,11.2,3.9,0.6,10.2,0,0,3.717,0
20141109,5.9,8.3,5.5,972.8,89.04,2.5,11.5,1.7,0,6.7,0,0,7.3,0
20141110,5.8,8.6,6.1,973.97,93.42,3,10.6,1.6,-0.4,6.5,0.8,6,2.033,0
20141111,5.7,9,6,972.03,98.38,1.9,7.2,3.9,0.4,5.4,0,6,0.183,0
20141112,6.1,9.4,8,967.48,100,1.6,7.5,4.8,4.9,5.5,0,0,0,0
20141113,8,10.5,8,974.88,97.42,1.8,9.2,7,7,4.6,0,0,0,0
20141114,9,10.4,6.9,973.38,90.38,2.2,12.1,7.3,3.1,7.4,0,0,0.617,0
20141115,7.4,10,6.2,966.73,96.63,1.7,10.8,4.8,3.7,3.4,0.1,6,4.333,0
20141116,6.9,9.3,6.2,963.58,93.79,3.5,9,5,1.7,11.8,1.3,6,0.217,0
20141117,6.4,8.7,5.6,969.64,90.21,2.7,9.5,4,0.6,6.2,0.3,6,6.217,0
20141118,6.2,9.5,8,970.5,99.88,4.6,7,4.3,4.5,9.5,10.7,6,0,0
20141119,4.5,8.3,8,980.73,98.63,2.2,5.3,3.8,3.9,7.8,0.3,6,0,0
20141120,4.3,8.3,8,988.16,99.29,1.6,5.2,3.5,3.6,4.6,0.4,6,0,0
20141121,4.1,7.7,8,986.22,94.38,1.7,4.8,3.6,0.1,4.7,0,6,0,0
20141122,1.7,6.7,4,983.65,96.96,2.2,3.9,-0.6,-2.9,6.7,0,0,5.733,0
20141123,5,7.8,2.3,982.86,89.79,2.5,9.5,-0.9,-2,8.5,0,0,7.083,0
20141124,5.8,8.2,5.5,984.36,89.33,3.3,8.5,-0.4,-2.8,7.9,0.2,6,1.4,0
20141125,1.2,6.6,3.2,987.57,97.71,2.4,3.9,-1.9,-4.8,6.3,0,0,6.933,0
20141126,-0.3,5.8,4.9,981.18,97.29,2.6,1.5,-2.7,-3.7,5.3,0,0,0,0
20141127,1.8,6.1,6.1,974.58,87.13,2.9,3.8,-1,-4.7,8.1,0,0,4.117,0
20141128,1.1,6.2,8,976.45,93.04,2.7,2.3,0.2,-1.4,7,0,0,0,0
20141129,0.6,6.2,8,978.93,97.13,2.7,1.2,-0.1,0.1,6.2,0,0,0,0
20141130,0.2,6.1,8,975.93,97.58,2.5,1.1,-0.5,-0.4,7.1,0,7,0,0
20141201,-2.3,4.8,8,974.63,93.25,5.5,-0.5,-3.5,-3.3,12.3,0,0,0,0
20141202,-3.1,4.5,8,976.13,91.83,3.6,-2,-3.8,-3.5,8.1,1.5,8,0,0
20141203,-3.4,4.7,8,981.23,99.21,2.1,-2.6,-3.8,-3.7,4.1,0.3,8,0,2
20141204,-1.6,5.4,8,978.84,100,1.1,-0.5,-2.7,-2.4,2.9,0.4,6,0,2
20141205,0.5,6.4,7.9,979.42,100,1.4,1.4,-0.6,-0.3,3.2,0,6,0,1
20141206,1.9,6.8,7.5,983.38,97.75,2.1,3,0.8,-0.1,4.5,0,6,0.75,0
20141207,2.4,6.6,6.9,981.29,91.08,4,4,1.1,-0.4,12.8,0.4,6,0.033,0
20141208,1.1,5.8,3.3,979.23,86.75,4.9,4,-3.8,-6.8,10.2,0,0,5.333,0
20141209,-1.3,5.1,3.8,987.1,91.63,3,2.5,-4.5,-7.5,10.4,0,0,4.983,0
20141210,1.3,5.7,6.9,979.96,84.96,7.8,2.6,-2,-5,17.6,0,6,0,0
20141211,2.8,6.5,6.3,971.68,87.33,8.2,5.2,0.4,-0.1,18.7,3.3,8,0,0
20141212,6.5,7.8,7.3,964.83,80.96,11.3,8.8,3.7,2.3,20.9,1.6,6,0,0
20141213,3.4,7.4,8,971.65,94.88,4.1,6.7,1.1,1.2,13.2,10.2,8,0,0
20141214,1.1,6.4,7.8,977.49,96.96,1.4,2.2,-0.9,-0.9,5.1,0.9,8,0,0
20141215,3.3,6.9,6.3,975.76,88.92,4.2,6.7,-2.5,-3.8,12.6,0,6,2.183,0
20141216,4.2,7.4,7.1,973.53,89.67,4,6.4,1.2,-1.6,8,0,6,0.4,0
20141217,2.4,6.5,6.7,970.25,88.75,6,5.2,0.1,-2.6,13,0.1,6,0,0
20141218,8.9,10.2,7.6,972.59,89.17,7.8,12.4,5.2,4.7,20.6,0.2,6,0.1,0
20141219,9,9.6,6.8,973.44,83.25,10.5,11.7,3.4,1.7,19.3,1.8,6,0,0
20141220,3.8,6.6,5.5,978.8,81.88,10.2,4.8,2.1,0.8,20.8,2.6,8,0,0
20141221,4.1,6.9,6.8,986.45,84.79,8.1,6.1,2.1,0.3,18.5,0,6,0.067,0
20141222,7.3,8.5,8,978.85,82.88,12.5,9.2,6,5.4,22.3,0,6,0,0
20141223,9,9.1,7.4,978.67,78.79,11.1,9.7,8,7.6,20.6,0,6,0,0
20141224,6.6,7.9,7.7,976.7,80.63,9.5,8.2,3.8,2.6,18.3,1.9,6,0.017,0
20141225,2.9,6.2,4.9,981.37,82.96,7.3,5.3,1,-0.6,17,0.7,8,3.983,0
20141226,-0.3,5.2,4.1,986.81,86.75,3.4,2,-4.6,-7.7,8.3,0,7,4.9,0
20141227,-2.7,3.9,6.9,969.69,79.25,4.9,-1,-5.2,-5.5,11.9,0,0,0,0
20141228,-6.1,3.5,6.4,982.12,88.21,5,-3.2,-8.8,-9.4,13.7,0,7,1.4,0
20141229,-2.9,4.4,7.2,989.31,89.04,5.8,0.1,-5.4,-7.6,14.7,1.3,7,0,0
20141230,-0.8,5.6,7.9,992.26,95.79,4.8,1.6,-4.4,-4.6,9.6,1,8,0,3
20141231,1.2,6.4,7.9,993.35,96.25,4.9,1.7,0.5,0.2,8.3,1.7,8,0,3
20150101,2,6.6,6.1,994.27,93.67,4.7,4.8,0.3,-0.3,13.1,0,0,5.517,0
20150102,3.1,6.3,6.5,986.04,82.83,8.5,5,1.4,0.5,20.4,0.1,6,0,0
20150103,1.6,6,7,983.53,87.13,6.7,3,0.4,-0.1,14.8,0.1,8,0,0
20150104,1.9,6.2,6,988.08,87.88,6.4,3.7,0.9,-0.2,14.5,0,8,0.733,0
20150105,0.6,5.6,6.2,991.43,88.25,4.5,2.5,-1,-2.6,11.7,0,0,2.883,0
20150106,-0.4,5,5.5,985.74,84.33,3,1.7,-3.6,-6.9,10.5,0.1,8,4.267,0
20150107,1.3,5.9,5.8,987.6,88.67,5.1,3.4,-0.5,-2.7,12,0.1,8,3,0
20150108,3.9,7.2,7.5,983.27,88.17,8.1,7.4,-0.1,-1.1,19.6,4.6,6,0,0
20150109,6.4,7.7,7.7,978.42,79.5,12,9.1,3.6,2.4,28.3,0.1,6,0,0
20150110,10.1,10.1,6.5,969.75,80,13.2,14.1,2.3,0.2,26.2,3.9,6,1.117,0
20150111,2.1,5.6,6.5,975.32,78.92,10.6,4,0.7,-0.4,22.7,0.8,8,2.483,0
20150112,4.8,6.9,7.8,978.11,80.58,9.8,6.2,3.2,2.6,19.6,0,6,0,0
20150113,8.5,7.3,5.6,971.38,66.58,9.5,11,5.9,4.6,20,0.1,6,5.333,0
20150114,4.3,6.7,5.3,971.89,80.42,8.2,7.3,0.5,-0.9,25,2.4,6,2.033,0
20150115,5.4,6.7,6.3,968.82,74.75,9,8.9,0.5,-0.8,18.3,0,6,1.283,0
20150116,5.8,7.9,7,968.36,86.13,4.2,8.6,3.9,3.8,16.9,4.7,6,0,0
20150117,2.3,6.6,6.3,974.77,91.29,2.8,4,-1.8,-5.1,8.3,0.5,6,1.9,0
20150118,-0.6,4.9,3.1,977.39,84.04,4,2.8,-2.5,-6.5,7.7,0,0,6.633,0
20150119,-0.8,5.2,5.8,973.65,89.38,1.5,0.9,-2.9,-7,3.2,1.2,7,0.083,0
20150120,-0.6,5.6,8,972.34,95.5,1.5,0.1,-2,-2.6,4.1,2.1,7,0,2
20150121,-2.2,4.9,7.3,975.34,93.79,2.1,-1.1,-3.7,-4.9,5.9,0,0,0.5,3
20150122,-1.9,5.3,8,977.35,99.29,3.3,-1.4,-3.4,-3.2,7.8,0.5,8,0,2
20150123,-2,5.2,8,984.38,98.58,2.2,-1.7,-2.4,-2.2,5.6,0,7,0,3
20150124,-1.8,5,7,981.45,93.58,3.7,0.7,-6.5,-9.5,9.5,0.3,7,4.267,3
20150125,0.3,5.9,7,986.98,94.79,4.6,1,-1.1,-3.2,10.1,1.4,7,0.033,5
20150126,0.9,6.1,7.8,981.42,93.79,5,1.8,0.3,-0.1,10.3,2,8,0,3
20150127,1.2,6,5.8,978.83,90.79,5.2,2.7,-0.7,-2.6,9.6,0,8,0.7,2
20150128,2.2,6.2,7.6,969.91,87.25,7.9,3.4,0.3,-1.1,21.5,0.4,8,0.067,0
20150129,0.6,5.5,5,950.44,86,7.2,2,-0.9,-2.9,16.8,0.4,7,2.633,0
20150130,0.1,5.5,7,937.4,89.75,6.1,2,-2.7,-5.2,17.3,0.3,7,2.517,0
20150131,-0.8,5,6.5,944,87.17,5.1,1.5,-3.5,-6.9,12.4,0.7,7,0.533,0
20150201,-2,4.8,4.8,952.19,90.13,3.1,1,-4.5,-10.3,6.3,0,7,1.633,2
20150202,-0.2,5.4,6.6,959.15,89.17,4.8,1.8,-2.3,-5.2,12.7,0.4,7,1.15,2
20150203,-0.7,5.1,5.7,963.93,87.17,4.9,1.8,-2.8,-5.7,10.1,0,7,3.967,1
20150204,-2.8,4.3,6.9,973.42,86.54,2.5,-1.2,-5.7,-9.8,6,0,7,0,0
20150205,-4,4.2,6.5,982.12,92.08,3.3,-2.3,-6.3,-9.7,11.7,0.3,7,0.183,0
20150206,-3.9,4.1,7.8,988.16,89,5.4,-3.2,-4.7,-4.8,12.5,0,7,0,1
20150207,-2.6,4.5,5.3,988.47,87.29,3.4,1.4,-8,-11.3,9.6,0.6,8,7.117,1
20150208,-0.4,4.3,5.2,984.86,72.33,6.5,1.8,-2.4,-4.1,14,0,7,3.217,0
20150209,1.6,6.5,7.9,985.35,94.63,5.9,3.4,-1.7,-1.9,12.3,0,6,0,0
20150210,2.8,7,8,989.5,93.63,3.4,3.9,2,1.7,6.8,0,6,0,0
20150211,1.9,6.2,4.6,988.05,88.67,1.9,4.9,-3.3,-6,4.8,0,6,3.883,0
20150212,-1.4,5.5,5.7,983.92,98.83,2,2.1,-3.3,-7.6,4.7,0,0,1.55,0
20150213,-0.3,5.3,0.3,979.69,87.92,1.8,7.6,-6.8,-9.1,4,0,0,8.667,0
20150214,0.1,5.3,1.5,973.98,86.04,2.2,6.6,-5.3,-8.5,4.9,0,0,7.783,0
20150215,-1.9,5.2,6,976.71,97.71,2.1,0.6,-5.2,-7.7,5.4,0,7,0.417,0
20150216,0.9,6,0.3,981.3,91.71,2,5.6,-2.7,-6.4,4.8,0,6,7.283,0
20150217,-0.8,5.6,6.7,991.68,96.92,2.8,0.6,-5.3,-6.3,7,0,6,0,0
20150218,0.9,6,6.3,999.44,91.83,2.3,3.3,-2.2,-6.4,5.8,0,0,0,0
20150219,-1.5,4.9,1.7,989.99,88.63,3.2,4.9,-5.3,-8.2,8.4,0,0,8.983,0
20150220,3.2,5.7,2.6,975.13,74.17,6.9,8.7,-5.3,-8.6,17,0,6,8.35,0
20150221,3.7,6,6.2,961.52,75.38,6.6,8.7,-0.8,-3.7,15,0.1,6,3.433,0
20150222,1,5.5,4.6,970.05,84.42,2.8,4.7,-2.3,-4.6,6.5,0,6,1.767,0
20150223,1.5,5.7,6.4,961.71,83.13,6.2,2.6,-0.7,-2.1,15.9,0,8,0,0
20150224,2.6,5.9,5.3,968.35,80.54,5.5,5.3,0.1,-2.2,11.3,0,0,1.033,0
20150225,1.9,5.5,3.4,979.39,78.88,3.7,6.9,-1.9,-5.1,7.5,0,0,5.383,0
20150226,3.3,5.2,0.7,980.32,68.92,4.3,9.2,-1.2,-3.3,8.8,0,0,9.45,0
20150227,2.9,5.7,5.7,974.58,75.75,4,5.7,0.6,-1.1,8.8,2.8,8,1.317,0
20150228,1.7,5.5,3.6,980.01,80.46,3.6,5.7,-1.6,-5.3,9.1,0,0,5.767,0
20150301,4.1,6.7,6.6,967.4,81.46,7,7.1,0.3,-1.5,15.9,2.8,8,0.65,0
20150302,4.4,6.1,5.2,965.53,73.08,8.4,7.6,0.4,-0.3,19.6,0.6,8,5.233,0
20150303,3.4,5.5,4.1,977.88,72.71,9.1,8.2,0,-1.6,17.8,3.7,8,7.4,0
20150304,2.1,5.9,4.8,983.78,83.63,6.1,5.6,-0.9,-2.8,14.4,0.4,8,3.65,0
20150305,2.5,6.1,6.3,994.19,82.92,5.1,5.2,0.7,-0.5,11.8,0,6,2.133,0
20150306,3.3,6.3,7.1,996.4,81.17,3.8,6.4,-0.1,-4,7,0,6,0.9,0
20150307,4.5,5.8,5.4,993.09,70.13,3.6,10.8,-0.3,-4.9,7,0,0,8.167,0
20150308,8.3,6,5.6,987.27,57,2.6,16.2,1.8,-1.4,5.5,0,0,7.933,0
20150309,6.5,7.5,3.8,987.62,76.92,2.7,10.5,1.7,-2.7,6.4,0,0,6.35,0
20150310,5,8.1,5,987.33,92.04,3.7,10.5,-2.9,-4.4,7.9,2.7,6,3.117,0
20150311,3.9,6.3,3.7,989.8,78.92,4.5,8,0.3,-1.9,9.6,0,0,7.8,0
20150312,1.8,6.2,6.2,991.79,88.92,2.9,4.1,-0.9,-5.2,7.2,0,6,0.417,0
20150313,0.6,5.9,6.8,987.55,92,2.9,2.6,-0.5,-4.4,7.4,0,7,1.517,0
20150314,1.2,6.5,8,987.35,97.04,2.7,2.5,-0.2,-0.1,7.5,5.4,8,0,0
20150315,3,7.1,6.9,987.9,93.54,3.7,5,1.2,-0.4,8.2,0.2,6,0,0
20150316,5.6,7.1,3.7,987.11,79.25,3.2,11.7,-0.5,-2.3,9.7,0,0,5.7,0
20150317,8.2,8,4.3,987.39,73.83,2.4,14.2,3.1,-0.9,7.5,0,0,7.417,0
20150318,7.9,7.1,1.7,986.56,68.46,2.3,14.6,0,-2.5,6.9,0,0,10.667,0
20150319,6.2,6.3,1.3,987.32,68.29,2,12.7,-0.2,-4.7,6.2,0,0,10.783,0
20150320,4.2,4.9,0.8,984.47,63.79,2.1,11.4,-3,-7.6,4.6,0,0,10.983,0
20150321,1.4,5.9,4.8,977.68,86.63,3.5,4.5,-3,-6.4,9,1,8,1.233,0
20150322,-0.6,5.5,6.5,985.53,94.08,4.3,1.4,-2.6,-6.1,10.9,0,8,0,0
20150323,3.2,6.2,5.6,978.28,81.79,1.8,11,-3.2,-6.6,5.6,0,0,4.45,0
20150324,5,6.7,5.9,971.02,77.67,2.5,9.1,1.5,-2.3,6.9,0,6,0.083,0
20150325,8.8,7.7,4.1,967.68,69.13,2.7,16.6,1.3,-3.2,9.1,0,0,9.417,0
20150326,5.9,7.6,7.7,969,82.17,4.1,8,3.6,3,8.9,0,6,0,0
20150327,5.4,7.1,7,976.48,78.88,6.8,9.7,2.8,1.1,14.8,0.1,6,2.167,0
20150328,6.6,6.6,6.2,979.9,68.96,4.8,11.3,2.9,2.1,12.7,0.2,6,6.817,0
20150329,9.1,9.7,7.5,962.57,83.92,9.9,11.5,6.2,5.1,24.7,6.4,6,0,0
20150330,4.4,6.5,4,962.92,77.38,10,8,1.6,0,25.7,6.5,8,6.15,0
20150331,5.7,7.3,5.6,959.58,78.5,12.1,11.3,1.1,0.2,32.2,7.2,8,5.633,0
20150401,2.1,6.1,6.1,973.25,86.38,9.6,6.7,-0.3,-0.6,18.8,3.7,8,5.567,2
20150402,1.8,6.2,5.9,973.09,88.96,7.8,4.7,-0.4,-2.2,17.3,6.7,8,3.717,0
20150403,2.9,5.7,4.5,980.4,76.79,4,7.5,-2.1,-5.1,11.3,0,8,3.367,0
20150404,2.1,5.4,5.3,977.96,76.83,2.2,6,-1.5,-5.1,8,0,6,6.55,0
20150405,2.9,5,3.5,984.14,68.63,2.1,7.3,-1.7,-6.1,6.5,0,7,6.683,0
20150406,3.6,4.8,4.9,989.1,62.25,4.1,8.2,-2.3,-5.1,11.1,0,0,7.4,0
20150407,5.1,5.3,4.3,995.06,63.5,3.9,12.2,-3.8,-7,9.8,0,0,11.783,0
20150408,8,8.1,6.5,992.94,76.04,3.8,14.2,2.4,-1.2,9.9,0,0,3.333,0
20150409,10.7,9.2,5,989.54,72.42,1.9,15.6,6.4,2.8,5.2,0,0,11.417,0
20150410,12.5,8.6,1.5,983.54,63.29,2.5,20.3,3.4,1.1,6.4,0,0,11.517,0
20150411,13,8.8,5.4,981.62,59.71,6.6,18.8,7.7,5.3,15.5,0,6,4.417,0
20150412,9.6,6.4,6.2,989.28,55.71,4.1,15.8,2.7,-3,11.5,0,6,11.917,0
20150413,8.8,6.5,5.3,989.19,58.13,5.8,11.9,2.6,-2.4,15.2,0.1,6,6.417,0
20150414,9.4,7.6,5.2,987.43,64.63,4.9,16.7,-0.5,-4.2,13.1,0,0,5.383,0
20150415,16.3,8.9,3.1,979.14,51.04,5.4,22.7,9.7,6.9,14.1,0,0,12.267,0
20150416,11.5,9.1,4.2,976.12,66.33,3,17,7,2.2,8.4,0,0,10.917,0
20150417,6.6,6.2,5.6,978.07,63.79,3.1,9.5,2.8,-0.4,9.2,0,0,3.083,0
20150418,5.8,5.5,3.5,985.83,61.38,2.5,10.3,-0.1,-3.7,6.3,0,0,8.567,0
20150419,7.2,5.7,2,984.38,58.92,2.7,13.4,-2.3,-4.6,8,0,0,12.85,0
20150420,9.3,6.7,2.3,987.27,59.46,2.9,17.3,0.1,-3.5,8.1,0,0,12.667,0
20150421,12.1,6.5,2,989.28,49.92,4.6,20.1,1.5,-2.1,11.5,0,0,12.867,0
20150422,5.9,7.1,4,986.88,77.04,3.3,8.9,1.5,-2.8,9.9,0.3,6,3.05,0
20150423,8.3,7.2,0.3,980.6,69.25,2.1,15.8,-1.8,-4.2,6.1,0,0,13.033,0
20150424,12.1,7.1,1.9,975.8,53.25,4.5,19.3,2.5,-0.2,9.8,0,0,12.55,0
20150425,13.7,8.8,6.4,971.66,56.25,4.9,17.9,8.4,5.4,13.3,0,6,1,0
20150426,12.9,11.8,5.9,969.64,80.13,3.9,19,7.9,4.5,10.7,2.2,6,4.083,0
20150427,10.2,11.6,7.5,966.21,92.79,3.7,14.7,4.5,4.4,9.8,4,6,0.017,0
20150428,6.3,6.8,5.8,975.82,73.67,4,11.9,1.9,-3,13.4,0.1,6,5,0
20150429,7.8,5.7,4.3,980.67,57.88,2.6,14.3,-1.1,-4.9,6.7,0,0,11.3,0
20150430,10,8,6.7,974.91,66.88,5,15.4,6.4,4.2,19.5,8.4,6,6.25,0
20150501,7.8,7.6,5.5,970.5,73.92,2.4,12.1,2.6,-0.4,6.4,0,0,6.583,0
20150502,9.1,6.8,4.5,973.53,61.75,2,14.1,1,-1.7,7.3,0,0,11,0
20150503,11.8,11.7,7.3,969.76,82.33,3.8,15.2,6.5,4.2,8.9,2.6,6,0.1,0
20150504,16.6,12.9,5.8,971.25,70.13,4.1,21,11.2,9.5,10.7,0.2,6,8.683,0
20150505,18.5,14.3,6.3,967.78,68,6,23.7,11.1,5.9,15.4,0,6,3.55,0
20150506,13.5,9.3,3.8,975.45,62.38,5.3,19,7.5,3.5,17.6,0,0,7.967,0
20150507,11.7,7.7,2.1,979.84,57.5,5.3,16.4,6.9,2.2,14,0,6,11.133,0
20150508,13.1,8.8,6,978.52,59.75,2.1,19.2,5.4,1.5,6.4,0,6,6.55,0
20150509,14.3,11.5,5.9,979.35,71.71,5.2,19.3,9.7,7.1,15.4,1.9,6,3,0
20150510,12.9,8.7,4.2,987.08,61.29,4.6,17.6,7.2,2.8,12.3,0,0,11.033,0
20150511,15.6,9.6,6.6,986.43,55.54,3.3,22.8,7,2.7,7.2,0,0,11.95,0
20150512,18.7,12.2,5.8,979.55,58.42,6.1,26.8,9.8,7.2,16.4,0.4,6,9.183,0
20150513,13.1,8.6,3.3,979.58,59.63,3,18.7,5.5,3,10.7,0,6,12.6,0
20150514,10.9,8.3,5.4,974.9,65.04,2.6,14.9,7.2,3.8,6.9,0,0,8.317,0
20150515,11.8,8.3,2.3,977.55,63.33,2.2,17.6,4.6,2.4,6.9,0,0,13.383,0
20150516,10.9,8.7,5.5,983.25,69.5,4.6,18,3,0,13.6,0,6,6.017,0
20150517,10.5,7.4,3.8,985.18,60.71,4.3,15.7,4.8,2.5,10.6,0,0,8.467,0
20150518,14.7,8.4,4.8,973.25,52.25,4.4,21.1,6,2.6,11.5,0,6,10.033,0
20150519,13.5,8,5.5,969.69,53,5.6,17.4,8.4,6.6,17.3,0,6,8.833,0
20150520,10.1,8,6.8,975.93,65.42,3.1,13.1,6.4,3.6,7.6,0,6,1.1,0
20150521,9.6,7.6,2.9,985.23,66.17,3.4,15.2,3.1,-0.2,9.4,0,0,11.617,0
20150522,11.9,7.6,3.9,986.75,58.13,2.2,18.6,1.2,-0.7,5.9,0,0,12.35,0
20150523,14.3,10.5,7.4,981.88,65.33,2.9,19,10.1,9.7,7.6,0,6,1.5,0
20150524,14.3,11.9,6.9,980.79,74.04,2.3,18.9,10.8,10.9,5.6,0,6,4.217,0
20150525,13.7,11.6,7.3,976.15,75.08,2.9,17.1,8.8,7.3,7.8,0.1,6,0.4,0
20150526,9.7,8.6,6.6,979.74,72.25,3.3,13,7.1,4.8,8.9,0.1,6,0.3,0
20150527,9.1,8.2,6,983.99,71.08,3.5,11.9,3.7,0.8,8.8,0,6,0.433,0
20150528,12.1,9.1,5.8,977.65,66.5,5,20,3.7,0.4,13.3,1,6,3.317,0
20150529,13.1,10.6,6.5,973.35,72.58,3.9,19.1,7.1,3.1,13.1,3.6,6,6.383,0
20150530,10.3,8.8,5.1,975.52,71.38,5.7,15.5,5,1.9,19.9,0,6,6.7,0
20150531,13.9,9.3,6.3,976.96,59.13,5.3,19.7,4.6,2.4,12.8,0.2,6,5.783,0
20150601,12.4,12.4,7.4,977.8,86.13,3.3,16.9,9.3,6.4,11.2,1.9,6,0,0
20150602,16.9,11.3,4.3,977.23,62.25,7.2,23.3,8.7,6.6,17,0,0,9.483,0
20150603,18.2,12.1,2.4,982.78,57.92,5.7,23,11,7.5,14.4,0,0,12.517,0
20150604,16,10.2,1.5,989.28,58.5,2.2,21.5,8.5,4.9,7.7,0,0,14.65,0
20150605,21.3,12.4,0.8,983.72,51.58,2.1,30.3,10.8,6.7,7.2,1,6,14.75,0
20150606,22.3,17,4.8,983.77,63.08,4.2,28.4,17.4,15.6,9.5,0,6,9.183,0
20150607,16,12.1,5.8,989.4,66,2.4,19.1,12.9,10.2,6.4,0,0,4.05,0
20150608,13.6,9.7,6.2,988.32,62.75,4.6,17.2,9.9,8.7,10.2,0,6,5.983,0
20150609,12.6,9.1,7.1,988.38,62.79,3.5,15.5,9.5,7.8,10,0,0,0.217,0
20150610,14.6,10.5,5.5,987.56,66.17,3.3,20.5,9.1,7.5,16.4,0,0,6.033,0
20150611,15.8,11.4,7.2,983.2,63.63,2.6,19.1,12.7,10.7,7.7,0,6,0.317,0
20150612,20.7,15.7,3.8,975.29,66.29,1.9,27.7,13.2,10.1,5.5,0,0,12.95,0
20150613,19.9,17.8,5.1,972.18,76.75,3.3,25.3,14.1,10.6,12.1,8,6,6.533,0
20150614,18,12.6,3.8,973.28,63.67,3.2,23,12.3,9.2,7.8,0,0,14.317,0
20150615,14,11.4,6.8,979.53,72.13,2.8,17.4,10.4,9.7,7.6,0,0,2.55,0
20150616,12.3,8.8,5,984.38,62.38,2.9,16.9,7.9,3.6,8.9,0,0,6.05,0
20150617,13.6,8.6,5.4,984.33,57.83,2.3,19.6,5.3,2.2,7.4,4.5,6,11.417,0
20150618,14.9,13,7.3,976.5,77.25,4.3,19.6,10.2,9,11.6,0,6,1.833,0
20150619,11.1,10.5,7.3,978.18,79.79,4.1,16,9.1,9,11.8,1.1,6,1.017,0
20150620,10.9,10.3,6.2,980.1,79.79,4.4,14.7,8,5.6,9.8,0,6,3.733,0
20150621,11.9,11.3,7.3,978.54,81.08,3.7,16.2,6.1,3.8,9.2,1.5,6,0.35,0
20150622,12.4,12.5,7.7,971.45,87.54,4.9,15.9,9.6,9,13.6,11.5,6,0.133,0
20150623,10.7,11.1,6.8,972.57,86.5,5.1,14.6,8.5,7.8,13.2,3.1,6,4.75,0
20150624,13.1,11.6,5.5,982.88,78.42,3.8,17.9,10.2,6.8,8.4,0,6,5.367,0
20150625,16.1,11.5,5,984.93,65.96,2.3,22.3,7.6,4.8,5.7,0,0,11.117,0
20150626,18,13.7,6.6,982,67.83,3,22.5,11.7,10,8.6,0.4,6,2.267,0
20150627,17.5,15.9,6.8,979,79.42,4.1,21.1,13.4,12,11.1,0.5,6,1.133,0
20150628,16.7,11.4,4.3,983.83,62,2.3,21,11,9,5.7,0,6,11.183,0
20150629,20.2,13.6,5.4,983.08,59.13,3,26.1,14.3,12.4,8.7,0,0,9.683,0
20150630,20.1,13.7,3,984.24,60.33,1.9,25.6,12.6,10.6,5.8,0,0,14.267,0
20150701,22.1,13.1,0.9,984.25,50.75,2.6,27.5,15.1,10.7,8.8,0,0,14.717,0
20150702,24.6,15.5,0.3,984.65,51.88,2.5,31.1,15.9,13.1,9.2,0,0,14.817,0
20150703,25.9,18.1,2.8,985.91,56,2.6,33.9,20.4,17.2,11,0.1,6,10.833,0
20150704,28.8,17.7,3.6,982.89,49.29,2.8,36.2,19.5,17.3,14.7,6.6,6,12.833,0
20150705,26.6,20,4.7,978.76,61.54,3,34.8,18.8,17.7,12.8,7.4,6,11.767,0
20150706,20.6,15.4,3.4,982.18,65.33,3.9,24.8,16.4,12.3,11.5,0,0,11.233,0
20150707,22.6,15.7,3.2,974.61,62.04,2.8,32.6,13.5,10,33.3,16.1,8,11.733,0
20150708,17,13.4,5.9,972.63,69.92,7.6,20,13.1,12.5,16.8,5.3,6,5.133,0
20150709,13.2,11.1,4.5,979.54,73.67,6,17,8.7,5.5,13.5,0,6,5.2,0
20150710,13,9.5,2.1,984.76,64.96,3.1,18.6,5.7,2.4,9.2,0,0,11.867,0
20150711,17.7,11.6,2.7,979.92,59.54,2,25.2,9,6.3,5.4,0,0,10.65,0
20150712,17.1,14.3,5.7,979.38,75.04,4.1,23.6,11.8,10.1,10.8,1.5,6,4.067,0
20150713,15.7,15.6,7.7,978.93,87.67,4.5,17.9,13.1,12.2,9.8,0.7,6,0.2,0
20150714,17.8,17.7,7.3,977.95,86.63,5.8,21.1,15.7,15.3,13.8,1.8,6,0.783,0
20150715,19.9,15.5,5.6,981.39,69.33,2.8,24.7,15.1,14.3,9.4,1.5,6,6.167,0
20150716,21.9,16.9,3.6,980.67,66.96,2.5,27.4,16.3,15,8,0,6,11.033,0
20150717,24.9,15.6,4.4,977.44,53.33,4.1,33.2,16,13.3,14.5,0.1,6,7.117,0
20150718,23.3,18.3,5,978.01,64.71,3.9,28.8,19,16.6,12.3,0.2,6,7.333,0
20150719,19.7,19.4,6,973.57,85.54,4.4,25.9,14.9,12.5,14.5,10.7,6,2.933,0
20150720,19.1,18.3,4.6,976.8,82.83,3.7,23.6,13.6,11.8,9.2,0.2,6,6.05,0
20150721,23.4,19.6,3.8,977.02,69.83,4.4,28.2,17.6,15,13.1,0,0,8.8,0
20150722,24.1,19.8,5.1,976.39,67.71,2.9,30.4,17.4,15.3,11.2,0,6,9.9,0
20150723,19.8,14.3,6.6,978.41,62.54,2.8,22.4,15.9,13.2,8.5,0,0,3.583,0
20150724,20.8,15.9,4.1,974.64,65.96,2.6,26.9,14.5,11.1,7.9,1.5,6,7.333,0
20150725,18.4,14.7,5.5,968.74,69.25,9.5,24.2,12.8,12.3,21,0,6,6.3,0
20150726,15.2,9.4,5,975.05,56.5,4.9,20.6,10.2,8.9,15.9,1.3,6,9.4,0
20150727,15.5,14.5,7,966.75,82.58,5.8,19.7,12.2,11.6,16.9,8.3,6,3.633,0
20150728,15.6,10.7,6.2,969.2,61.92,7.3,20.2,12.7,11.3,16.7,0,6,4.967,0
20150729,14.6,10,4.5,971.2,60.79,6,19.8,10.9,9.1,13.6,0.2,6,6.233,0
20150730,14.1,9.9,3.3,976.51,63.25,5.6,19.6,9,5.9,12.8,0,6,7.967,0
20150731,13.6,9.4,2.8,980.99,63.96,2.5,19.2,7.4,3.7,6.4,0,0,11.65,0
20150801,17.5,9.9,5.8,978.5,51.96,2,24.8,9.5,8.2,6.1,0,0,10.85,0
20150802,20.4,10.8,3.1,981.5,49.42,2.3,27.4,10.6,8,9,0,0,13.3,0
20150803,23.6,12.7,1.7,980.21,45.63,2.4,30.8,13.4,10.8,7.6,0,0,12.633,0
20150804,23.9,15.7,4.9,976.93,56.25,4.9,32.6,16.7,16.6,16.8,0,6,9.133,0
20150805,19.4,12.8,2.8,981.36,60.29,2.4,25.2,11.7,8.6,7,0,0,13.417,0
20150806,25.3,13.4,3.5,978.84,45.63,1.7,34.1,14.6,12,5.2,0,0,12.867,0
20150807,27.4,15.9,2.5,978.74,44.83,2.9,33.6,17.7,14.9,9.1,0,0,11.367,0
20150808,24.3,17.5,3.7,981.2,59.71,3.4,30.9,19.1,16.9,12.4,0,6,9.833,0
20150809,21.6,18,4.9,982.35,70.83,3.3,27.3,17.5,17.9,7.7,0,0,5.667,0
20150810,24.8,17.5,2.2,977.62,58.04,2.9,31.9,17.8,16.4,10.1,0,0,11.65,0
20150811,23.4,18.3,4.2,979.24,65.92,3.5,29.9,17.3,16.3,9,0,0,11.317,0
20150812,22.3,18.1,4.3,983.24,68.75,3.3,28.1,17.5,15.9,8.9,0,0,9.533,0
20150813,23,19.1,3.6,979.69,69.71,3.2,30.4,16.1,14.5,9.1,3,6,7.5,0
20150814,23.9,20.5,6,971.91,70.54,2.6,29.9,18.1,17.3,11.1,6.7,6,9.567,0
20150815,20.7,19,5.8,971.8,78.83,2.7,24.4,16.9,14.7,13.3,13.2,6,4.117,0
20150816,17.7,18.6,7.4,972.84,91.38,2.8,19.8,16.2,14.6,5.4,4,6,0,0
20150817,15.5,16.8,8,973.02,95.33,4.7,17.1,13.6,13.3,8.2,7.5,6,0,0
20150818,14.6,14.4,7.7,977.14,86.92,3.7,16.9,12.5,11,7.9,0,6,0,0
20150819,15.1,14,6.1,982.58,82.42,2.2,18.9,9.1,7.6,5.1,0,6,5.2,0
20150820,15.2,15.6,6.5,986.48,90.29,1.2,16.9,10.6,8.6,3.9,0,6,0,0
20150821,16.2,12.5,1.5,987.26,72.04,2,23,8.5,7.5,6,0,0,12.267,0
20150822,17.3,11.2,0.9,983.21,59.67,2.4,23.7,9.3,6.2,8.3,0,0,13.117,0
20150823,18.2,11.5,3,974.47,56.21,2.9,23.3,12.1,7.8,9.4,1.2,6,11.733,0
20150824,19.2,16.8,6.8,969.57,77.38,4.7,24.8,15.3,14.3,17,4,6,4.167,0
20150825,15.5,12.6,5.5,976.96,71.75,7.2,18.9,13.1,11.1,16.2,0,0,2.133,0
20150826,19.9,12.1,5.5,978.86,52.58,5,25.3,14.1,11.4,11.3,0,0,12.167,0
20150827,22.4,14.3,6.7,974.09,53.42,4.6,28.2,17.9,15.1,11.6,5.4,6,2.983,0
20150828,16.3,16.7,6.7,980.07,90,2,18.5,13.3,10.8,6.7,0.2,6,0.167,0
20150829,17.7,17.7,5.2,985.33,87.63,1.9,23.9,12.3,10.9,4.7,0,0,6.317,0
20150830,23.9,19.5,3.1,980.98,69.71,2.2,33,15.9,14.1,8.7,0,0,11.017,0
20150831,25,17.8,2.3,975.45,59.63,2.8,33.6,17.3,15.1,9.1,0,0,11.983,0
20150901,19.6,15.7,4.5,973.35,69.88,3.8,27.2,12.2,11,18,0,6,5,0
20150902,14.9,11.5,3.9,978.88,70.13,2.6,19.8,9.5,6,7.5,0,6,6.7,0
20150903,13.5,12.4,5.5,976.47,80.21,2.2,17.1,9.6,7.1,8.3,0.8,6,1.8,0
20150904,12,9.8,2.7,976.47,72.04,4.6,18.1,6.6,5.1,13.9,0,6,7.1,0
20150905,12.4,11,6,975.61,76.83,6.7,17.5,8.2,7.1,15.2,0.5,6,3.5,0
20150906,10.9,10.2,5.2,980.48,78.92,8.1,15,7.7,6.5,17,0.4,6,1.483,0
20150907,12.6,11.2,6.3,984.5,78.08,4.8,18,9.3,8.4,10.2,0.2,6,3.8,0
20150908,12.4,11.3,5.1,986.03,79.88,3,17.8,8.1,5,7.6,0,0,2.3,0
20150909,12.1,10.1,3.5,985.9,73.13,2.9,17.2,7.9,4.6,9.1,0,6,6.8,0
20150910,11,10.9,5.3,985.4,84.21,2.8,16.3,8.1,5.7,9.9,2.4,6,5,0
20150911,11.2,11.9,4.7,981.52,89.63,1.9,16.1,7.9,5.5,6,0,0,3,0
20150912,15.6,12.2,4.9,978.24,72.29,2.6,24.2,4.3,3.2,7,0.1,6,6.3,0
20150913,18.8,15.8,6.7,973.32,73.42,2,23.2,15.5,12.4,5.8,0,6,2.6,0
20150914,15.2,14.1,4.9,967.65,81.5,4.3,19.5,10.8,6.9,20.1,9.3,6,2.8,0
20150915,13.8,10.5,4.2,970.69,67.13,5.9,17.7,9.7,6.2,15.2,0,6,3,0
20150916,16.1,13.8,7.4,964.25,75,4.4,19.4,12,9.1,12.2,2.4,6,0.033,0
20150917,16,14.2,6.8,966.38,78.04,7.3,20.2,12.5,11.1,16.7,0.1,6,0.667,0
20150918,13.5,11.8,4.2,978.78,76.92,3.8,18.6,8.4,4.3,8.3,0,6,4.167,0
20150919,12.6,12.5,4.9,982.92,85.38,3.7,16.3,9.6,7.2,9.5,1.8,6,2.917,0
20150920,11.9,11.6,5.8,984.07,84.17,4.6,15.8,9.4,7.8,11.8,0.9,6,4.767,0
20150921,13.2,11.3,6.3,978.35,75.92,3.6,17.6,10.2,9,8.3,0.1,6,5.083,0
20150922,12.7,11.4,6.5,967.63,77.83,4.6,15.5,10.1,7.6,10.5,3.8,6,0.15,0
20150923,11.4,10.9,6.5,971.74,81.25,3.6,14.4,7.7,5.1,10.1,0,0,0.15,0
20150924,11.7,10.7,4.5,980.85,78.75,4.1,17.3,6.9,2.9,10.6,0,0,5.8,0
20150925,12.4,11.5,6.9,983.47,79.71,3,15.9,8.7,7.2,5.6,0,6,0.683,0
20150926,11.7,10.7,6.6,987.95,77.75,1.9,15.5,10,8.8,7.4,0,6,1.45,0
20150927,10.8,9.4,4,993.44,73.38,2.1,15,7.5,2.9,6.2,0,0,6.433,0
20150928,9.5,8.7,1.8,997.53,74.92,2.4,15.3,2.7,-1.3,9,0,0,9.133,0
20150929,10,9.2,2.9,997.53,76.08,3.2,14.5,6.5,3.9,10.2,0,0,5.783,0
20150930,9.4,8.2,1.5,996.09,71.79,3,14.5,4.7,2.7,11.5,0,0,8.983,0
20151001,8.8,7.4,0.9,992.79,67.54,2.7,14.2,3.3,-0.8,10.1,0,0,10.533,0
20151002,8.9,7.9,0.6,986.91,71.29,2.2,16,0.5,-3.9,8.1,0,0,10.683,0
20151003,11.3,9.8,2,978.2,74,2.1,20.5,3.1,0.8,5.6,0,0,8.017,0
20151004,12.8,11.3,4.7,978.56,77.79,3.1,18.2,6.3,3.6,6.5,0,6,4.233,0
20151005,13.6,11.9,5.7,977.32,77.08,2.9,18.5,10.9,7.6,7.7,1.6,6,7.783,0
20151006,14.9,14.4,7.4,970.08,84.83,3.5,18.5,11.2,10.5,7.4,1.7,6,1.417,0
20151007,14.9,15.2,7.3,974.06,89.75,3.5,17.8,12.9,12.5,8.9,0.2,6,0.017,0
20151008,12.9,13.4,7.6,980.76,90,3.6,15.1,11.3,10.6,7.7,0.2,6,1.117,0
20151009,11.3,13,7.7,982.54,96.46,2.3,14.6,7.3,7.3,7,0.1,6,0.017,0
20151010,6.3,7.5,4.5,982.33,78.04,3.5,9.5,2.4,1.4,8.1,0,0,5.15,0
20151011,2.9,5.2,0.3,981.34,69.92,3.8,8.1,-0.8,-6,9.9,0,0,10.117,0
20151012,2,5.3,2.9,981.42,76.38,2.2,7.5,-2.6,-6,7.8,0,0,9.05,0
20151013,1.4,6,7.1,979.71,89.38,3,2.9,-1.1,-3.2,6.6,4.9,8,0,0
20151014,0.4,6.2,8,979.47,99.29,1.8,1.5,-0.4,-0.1,5.5,6.6,8,0,4
20151015,3.5,7.9,8,976.68,100,1.8,5.4,0.4,0.4,5.3,9.3,6,0,2
20151016,5.8,9.1,8,978.39,99.08,1.9,6.5,5,5,4.3,4.5,6,0,0
20151017,6.3,8.8,7.9,979.97,92.46,1.9,7.8,5.4,5.2,4.2,0.2,6,0,0
20151018,5.5,8.5,8,980.56,93.54,1.6,6.8,2.8,-0.5,3.7,0,6,0,0
20151019,4.6,8.3,6.9,982.02,97.58,2.7,6.7,1,-0.8,4.7,1.1,6,0,0
20151020,7.4,10.1,8,982.66,98.04,2.4,8.9,6,5.3,6.3,0.7,6,0,0
20151021,6.9,9.2,6.8,981.68,92.17,3.1,10.1,4.7,1.8,5.7,0,6,0.583,0
20151022,8.1,9.7,6.4,977.73,89.88,5.2,10.2,4.6,3.2,9.8,0.8,6,0,0
20151023,8.7,9.5,5.8,985.04,84.58,3.2,12.6,4,0.4,8.9,0,0,3.25,0
20151024,5.9,8.7,5.5,981.46,92.96,2.5,9.7,1.6,-0.6,4.7,0.3,6,4.783,0
20151025,9.7,11.1,7.7,985.2,92.04,2.2,12.6,7.3,6.5,6.6,0,6,0.067,0
20151026,9.1,11.1,6.7,985.01,95.83,2.4,11.9,6.3,3.5,6.3,0,0,1.9,0
20151027,4.9,8.7,4.1,980.37,99.58,1.8,7.1,1,-0.4,4.6,0,6,2.733,0
20151028,3.6,8,6.8,975.63,100,1.4,5.4,0.7,-0.1,3.5,0,0,0.3,0
20151029,8.3,10.9,7.7,980.5,98.92,2.8,10.9,2.7,1.8,7,0,6,0.017,0
20151030,9.7,11.1,7.5,989.46,92.63,1.9,11.8,7.5,7.3,6.3,0,0,0,0
20151031,7.3,9.7,4.4,991.12,94.83,1.7,10.2,3.6,0.3,3.7,0,0,6.6,0
20151101,7.6,8.5,1,992.29,82.25,1.9,12.7,1.2,-1.7,4.3,0,0,8.867,0
20151102,5.4,7.7,1,989.63,85.13,2.3,12.4,-1.8,-3.6,4.8,0,0,8.767,0
20151103,4.1,6.6,0.7,983.68,81.29,2.3,11.7,-3,-6.3,4.8,0,0,8.783,0
20151104,8.4,9.2,4.9,982.78,82.04,3.3,16.8,0.4,-1.5,6.6,0.2,6,4.817,0
20151105,11.6,11.5,4.5,983.67,83.29,2.8,17.1,8.9,4.5,5.8,0.1,6,4.617,0
20151106,12.9,12,5.9,983.74,80.5,4.5,17.4,9.7,8,11.4,4.5,6,1.3,0
20151107,15.5,15.4,6.2,985.23,87.33,5.2,18.6,12.8,12.3,11.7,0,6,2.733,0
20151108,13.6,12.5,5.5,988.17,80.25,3.7,17.4,9.9,6.9,14.3,0,6,5.767,0
20151109,14.7,12.2,7,982.79,72.71,8.4,16.9,13.2,12.6,16.5,0,6,2.2,0
20151110,13.9,12.2,7.2,983.53,76.75,8.3,16.1,13.1,12.2,17.3,0,6,1.7,0
20151111,12.1,11.5,5.7,985.18,81.13,5.8,15,8.5,6,12.7,0,6,3.583,0
20151112,10.8,10.2,6.5,987.18,78.71,4.8,14.3,9.1,5.4,12.2,0,0,3.983,0
20151113,9.7,10,6.4,983.65,83.38,5.9,12.4,5.5,3.1,17.2,2.7,6,0.8,0
20151114,6.4,7.8,6,984.62,81.29,7.8,7.8,4.2,2.4,16.3,3,6,1.333,0
20151115,10.3,11.2,8,972.81,89.04,10.7,12.2,6.4,5.5,21.7,0.7,6,0,0
20151116,9.7,10.2,6,976.26,83.88,6.9,11.8,8,6.2,13.7,2.2,6,3.983,0
20151117,11.6,11.8,7.4,971.5,86.67,8.3,14.3,9,8.5,20.1,0.5,6,1.5,0
20151118,12,9.5,4.5,972.76,67.17,13,14.3,9.9,8.5,29.7,1.1,6,2.4,0
20151119,10.1,10.2,7.2,972.65,83.04,9.3,12.9,7.3,6.6,22,10.2,6,1.3,0
20151120,6.1,8.3,7.3,966.04,87.63,4.4,8.1,1.9,-0.1,9.7,0.6,6,0,0
20151121,2.5,6.4,5.3,958.65,86.88,4.3,5.3,-0.7,-3.3,9.3,0,8,1.183,0
20151122,0.2,5.6,5.3,965.17,89.63,5.6,2.7,-1.9,-3.6,15,2,7,1.65,0
20151123,-0.6,5.3,6.4,980.67,90.75,4.1,1.1,-2.6,-6.3,9.9,0,0,0.4,1
20151124,0.4,5.2,7,980.21,82.63,6.1,2.1,-2.4,-4.5,13.9,0,7,2.883,0
20151125,1.8,6,7.6,968.03,86.04,5.1,3.4,0.8,-0.9,11.5,0,8,0.1,0
20151126,2.4,6.7,5.3,976.25,92.08,3.6,5.9,-0.8,-3.1,7.1,0.1,6,1.8,0
20151127,-1.1,5.2,1.8,979.5,92.33,2.7,4.7,-5.6,-7.5,6.8,0,7,6.7,0
20151128,0.6,5.7,3.6,973.14,88.46,6.5,3.3,-3.5,-5.4,13.8,0.6,8,0.9,0
20151129,5.7,7.9,7.5,971.42,85.38,11.4,10.2,2.3,1.2,24.9,5.1,6,0,0
20151130,7.3,8.7,7.7,974.69,84.25,10.1,9.6,5.6,4.7,22.5,8.9,6,0.1,0
20151201,7.3,9.2,7.4,982.3,89.54,6.1,10.4,5.3,4.2,20.7,1.6,6,1,0
20151202,8.2,8.9,7.3,988.93,81.17,4.4,10.6,3.9,0.9,13.7,0,0,0,0
20151203,4,6.9,3.6,990.25,85.25,3.6,7.2,1.2,-1.8,6.8,0,0,3.183,0
20151204,5,7.4,5.1,988.27,85.21,6.3,7,2.2,-0.7,16.8,0.4,6,0,0
20151205,4.6,6.6,4.7,989.65,77.75,5.4,7.8,2.1,-0.4,12.8,0,0,3.383,0
20151206,7.1,8,3.2,986.26,78.67,8,8.9,4.7,2.9,15.4,0,0,4.283,0
20151207,8.9,9.7,5.2,993.14,84.63,4.1,13,4.8,1.1,11.8,0,0,1.317,0
20151208,5.3,8,1.5,992.33,90.21,2.4,9.7,1.1,-0.9,8.8,0.1,6,6.867,0
20151209,4.5,7.7,4.5,994.92,91.17,4,7.3,0.2,-3.6,10.1,1.1,6,-999,0
